日期,时间,成交价,成交量,总量,额,B1价,B1量,B2价,B2量,B3价,B3量,B4价,B4量,B5价,B5量,S1价,S1量,S2价,S2量,S3价,S3量,S4价,S4量,S5价,S5量,BS
2017-8-31,09:25:00,18.94,20,20,37880,18.94,89,18.77,1,18.75,30,18.68,1,18.62,40,18.96,15,19.00,1,19.02,4,19.05,15,19.10,1,S
2017-8-31,09:30:12,18.96,3,23,5688,18.95,27,18.94,102,18.84,3,18.77,21,18.76,5,18.96,12,18.97,30,19.00,1,19.02,5,19.03,20,B
2017-8-31,09:30:26,18.96,10,33,18960,18.94,102,18.84,3,18.77,21,18.76,13,18.75,30,18.96,2,18.97,30,19.00,1,19.02,5,19.03,20,B
2017-8-31,09:30:28,18.96,2,35,3792,18.96,1,18.94,102,18.84,3,18.77,21,18.76,13,18.97,30,19.00,1,19.02,5,19.03,20,19.05,15,B
2017-8-31,09:30:46,18.96,3,38,5688,18.96,8,18.94,102,18.84,3,18.77,21,18.76,13,18.97,30,19.00,1,19.02,5,19.03,20,19.05,15,S
2017-8-31,09:31:02,18.97,4,42,7587,18.96,14,18.94,102,18.84,3,18.77,21,18.76,13,18.97,27,19.00,1,19.02,5,19.03,20,19.05,15,B
2017-8-31,09:31:07,18.97,26,68,49322,18.96,14,18.94,102,18.84,3,18.77,21,18.76,13,18.97,1,19.00,1,19.02,5,19.03,20,19.05,15,B
2017-8-31,09:31:09,18.97,1,69,1897,18.97,17,18.96,14,18.94,102,18.84,3,18.77,21,19.00,1,19.02,5,19.03,20,19.05,15,19.10,2,B
2017-8-31,09:31:15,18.97,1,70,1897,18.97,43,18.96,14,18.94,102,18.84,3,18.77,21,19.00,1,19.02,5,19.03,20,19.05,15,19.10,2,S
2017-8-31,09:31:31,19.00,1,71,1900,19.00,28,18.97,16,18.96,7,18.94,102,18.84,3,19.02,5,19.03,24,19.05,15,19.10,2,19.11,5,B
2017-8-31,09:31:36,19.00,5,76,9500,19.00,23,18.97,19,18.96,7,18.94,102,18.84,3,19.02,5,19.03,24,19.05,15,19.10,2,19.11,5,S
2017-8-31,09:31:42,19.00,3,79,5700,19.00,20,18.97,19,18.96,7,18.94,102,18.84,3,19.02,5,19.03,24,19.05,15,19.10,2,19.11,5,S
2017-8-31,09:31:43,19.02,5,84,9510,19.02,2,19.00,20,18.97,19,18.96,7,18.95,10,19.03,24,19.05,15,19.10,2,19.11,5,19.12,30,B
2017-8-31,09:31:49,19.03,24,108,45672,19.03,9,19.02,2,19.00,20,18.97,3,18.96,7,19.05,15,19.10,2,19.11,5,19.12,30,19.13,6,B
2017-8-31,09:31:53,19.05,10,118,19048,19.03,8,19.02,2,19.00,20,18.97,3,18.96,7,19.05,6,19.10,2,19.11,5,19.12,30,19.13,6,B
2017-8-31,09:32:20,19.05,6,124,11430,19.05,15,19.03,11,19.02,2,19.00,20,18.96,7,19.09,10,19.10,2,19.11,5,19.12,30,19.13,6,B
2017-8-31,09:32:41,19.03,36,160,68573,19.03,56,19.00,60,18.96,7,18.95,10,18.94,102,19.09,10,19.10,2,19.11,14,19.12,30,19.13,6,S
2017-8-31,09:32:48,19.13,62,222,118502,19.15,35,19.03,56,19.00,60,18.96,7,18.95,10,19.16,11,19.20,2,19.24,5,19.25,41,19.26,30,B
2017-8-31,09:32:51,19.15,1,223,1915,19.15,34,19.03,61,19.00,60,18.96,7,18.95,10,19.16,11,19.20,2,19.24,5,19.25,41,19.26,30,S
2017-8-31,09:32:55,19.16,9,232,17239,19.15,29,19.03,61,19.00,60,18.96,7,18.95,10,19.16,7,19.20,2,19.24,5,19.25,41,19.26,30,B
2017-8-31,09:32:57,19.15,29,261,55535,19.03,61,19.00,60,18.96,7,18.95,10,18.94,102,19.09,19,19.16,7,19.20,2,19.24,5,19.25,41,S
2017-8-31,09:32:58,19.09,3,264,5727,19.03,61,19.00,60,18.96,7,18.95,10,18.94,102,19.09,16,19.16,7,19.20,2,19.24,5,19.25,41,B
2017-8-31,09:33:18,19.09,16,280,30544,19.09,4,19.04,50,19.03,61,19.00,40,18.96,7,19.15,2,19.16,18,19.20,12,19.24,5,19.25,42,B
2017-8-31,09:33:26,19.09,1,281,1909,19.09,3,19.04,50,19.03,61,19.00,40,18.96,7,19.15,2,19.16,18,19.19,1,19.20,12,19.24,5,S
2017-8-31,09:33:41,19.09,13,294,24827,19.04,50,19.03,61,19.00,40,18.96,7,18.95,10,19.09,27,19.10,1,19.15,12,19.16,18,19.19,3,S
2017-8-31,09:33:45,19.09,1,295,1909,19.04,50,19.03,61,19.00,40,18.96,7,18.95,10,19.09,26,19.10,1,19.15,30,19.16,18,19.19,3,B
2017-8-31,09:33:47,19.09,21,316,40089,19.04,50,19.03,61,19.00,40,18.96,7,18.95,10,19.09,5,19.10,1,19.15,86,19.16,18,19.19,3,B
2017-8-31,09:33:54,19.04,28,344,53312,19.04,22,19.03,61,19.00,40,18.96,7,18.95,10,19.09,5,19.10,1,19.15,99,19.16,18,19.19,3,S
2017-8-31,09:33:55,19.09,3,347,5727,19.04,22,19.03,61,19.00,40,18.96,7,18.95,10,19.09,2,19.10,1,19.14,16,19.15,99,19.16,18,B
2017-8-31,09:34:16,19.09,2,349,3818,19.04,72,19.03,71,19.00,60,18.96,7,18.95,10,19.09,4,19.10,2,19.14,16,19.15,108,19.16,17,B
2017-8-31,09:34:36,19.09,1,350,1909,19.05,27,19.04,72,19.03,68,19.00,60,18.96,7,19.09,16,19.10,2,19.14,28,19.15,108,19.16,17,B
2017-8-31,09:34:39,19.09,5,355,9545,19.05,27,19.04,72,19.03,68,19.00,60,18.96,7,19.09,11,19.10,2,19.14,28,19.15,108,19.16,17,B
2017-8-31,09:34:44,19.09,11,366,20999,19.09,23,19.05,27,19.04,72,19.03,68,19.00,60,19.10,2,19.14,28,19.15,108,19.16,17,19.18,10,B
2017-8-31,09:35:00,19.09,4,370,7636,19.09,52,19.05,27,19.04,50,19.03,68,19.00,60,19.10,12,19.14,28,19.15,108,19.16,17,19.18,10,S
2017-8-31,09:35:10,19.10,10,380,19100,19.09,52,19.04,50,19.03,68,19.00,60,18.96,7,19.10,8,19.14,28,19.15,108,19.16,17,19.18,10,B
2017-8-31,09:35:19,19.09,10,390,19090,19.09,42,19.04,50,19.03,68,19.00,60,18.96,7,19.10,8,19.14,30,19.15,108,19.16,17,19.18,10,S
2017-8-31,09:35:27,19.10,3,393,5730,19.09,42,19.04,50,19.03,68,19.00,60,18.96,7,19.10,5,19.14,30,19.15,108,19.16,17,19.18,10,B
2017-8-31,09:35:40,19.09,10,403,19090,19.09,42,19.04,50,19.03,68,19.00,60,18.96,7,19.10,5,19.14,30,19.15,108,19.16,17,19.18,10,S
2017-8-31,09:35:54,19.09,6,409,11454,19.09,36,19.04,50,19.03,68,19.00,60,18.96,7,19.10,15,19.14,30,19.15,108,19.16,17,19.18,10,S
2017-8-31,09:35:57,19.10,3,412,5730,19.09,36,19.04,50,19.03,68,19.00,70,18.96,7,19.10,12,19.14,30,19.15,108,19.16,17,19.18,10,B
2017-8-31,09:36:01,19.09,10,422,19090,19.09,26,19.04,50,19.03,68,19.00,70,18.96,7,19.10,47,19.14,30,19.15,108,19.16,17,19.18,10,S
2017-8-31,09:36:05,19.10,35,457,66825,19.09,1,19.04,50,19.03,68,19.00,70,18.96,7,19.10,78,19.14,30,19.15,108,19.16,17,19.18,10,B
2017-8-31,09:36:07,19.09,1,458,1909,19.04,50,19.03,68,19.00,70,18.96,7,18.94,102,19.08,2,19.10,78,19.14,30,19.15,108,19.16,17,S
2017-8-31,09:36:26,19.09,3,461,5727,19.04,50,19.03,68,19.00,70,18.96,7,18.94,102,19.09,12,19.10,79,19.14,17,19.15,108,19.16,17,B
2017-8-31,09:36:40,19.04,21,482,39984,19.04,79,19.03,68,19.00,70,18.96,7,18.94,102,19.09,56,19.10,38,19.14,18,19.15,108,19.16,17,S
2017-8-31,09:36:43,19.04,38,520,72352,19.04,41,19.03,68,19.00,70,18.96,7,18.94,102,19.09,56,19.10,38,19.14,28,19.15,108,19.16,17,S
2017-8-31,09:36:51,19.04,20,540,38080,19.04,21,19.03,68,19.00,70,18.96,7,18.94,102,19.09,90,19.10,39,19.14,28,19.15,108,19.16,17,S
2017-8-31,09:36:58,19.09,2,542,3818,19.04,21,19.03,68,19.00,70,18.96,7,18.94,102,19.09,88,19.10,39,19.14,28,19.15,118,19.16,17,B
2017-8-31,09:37:09,19.04,10,552,19040,19.04,11,19.03,68,19.00,70,18.96,7,18.94,102,19.08,5,19.09,88,19.10,41,19.14,28,19.15,118,S
2017-8-31,09:37:19,19.09,50,602,95442,19.04,11,19.03,68,19.00,70,18.96,7,18.94,102,19.06,1,19.09,47,19.10,51,19.14,28,19.15,118,B
2017-8-31,09:37:27,19.08,3,605,5722,19.04,11,19.03,68,19.00,70,18.96,7,18.94,102,19.08,15,19.09,47,19.10,51,19.14,28,19.15,118,B
2017-8-31,09:37:39,19.05,10,615,19050,19.04,21,19.03,68,19.00,70,18.96,7,18.94,102,19.08,15,19.09,47,19.10,51,19.14,26,19.15,118,S
2017-8-31,09:37:51,19.08,3,618,5724,19.04,21,19.03,68,19.00,70,18.96,7,18.94,102,19.08,12,19.09,14,19.10,53,19.14,26,19.15,118,B
2017-8-31,09:38:03,19.08,12,630,22896,19.08,34,19.04,57,19.03,68,19.00,70,18.96,7,19.09,14,19.10,53,19.14,26,19.15,118,19.16,18,B
2017-8-31,09:38:16,19.08,10,640,19080,19.08,28,19.04,57,19.03,68,19.00,70,18.96,7,19.09,23,19.10,54,19.14,27,19.15,118,19.16,18,S
2017-8-31,09:38:22,19.08,28,668,53424,19.04,57,19.03,68,19.00,70,18.96,7,18.94,102,19.08,3,19.09,33,19.10,54,19.14,27,19.15,118,S
2017-8-31,09:38:28,19.08,3,671,5724,19.04,57,19.03,68,19.00,70,18.96,7,18.94,102,19.09,33,19.10,54,19.14,27,19.15,118,19.16,18,B
2017-8-31,09:39:39,19.08,5,676,9540,19.05,6,19.04,58,19.03,68,19.00,70,18.96,7,19.08,54,19.09,23,19.10,54,19.14,27,19.15,111,B
2017-8-31,09:39:47,19.08,3,679,5724,19.05,6,19.04,58,19.03,68,19.00,70,18.96,7,19.08,51,19.09,23,19.10,54,19.14,27,19.15,111,B
2017-8-31,09:40:02,19.05,6,685,11430,19.04,22,19.03,68,19.00,70,18.96,7,18.94,102,19.05,3,19.08,51,19.09,23,19.10,54,19.14,22,S
2017-8-31,09:40:05,19.08,52,737,99207,19.04,22,19.03,68,19.00,70,18.96,7,18.94,102,19.08,2,19.09,23,19.10,54,19.14,22,19.15,111,B
2017-8-31,09:40:13,19.08,2,739,3816,19.08,34,19.04,22,19.03,68,19.00,70,18.96,7,19.09,23,19.10,54,19.14,22,19.15,111,19.16,8,B
2017-8-31,09:40:14,19.08,20,759,38160,19.08,14,19.04,22,19.03,68,19.00,70,18.96,7,19.09,23,19.10,54,19.14,22,19.15,111,19.16,8,S
2017-8-31,09:40:21,19.08,14,773,26712,19.04,22,19.03,68,19.00,70,18.96,7,18.94,102,19.08,14,19.09,23,19.10,54,19.14,22,19.15,111,S
2017-8-31,09:40:35,19.08,3,776,5724,19.04,32,19.03,68,19.00,70,18.96,7,18.94,102,19.08,11,19.09,23,19.10,54,19.14,22,19.15,111,B
2017-8-31,09:40:42,19.04,10,786,19040,19.04,22,19.03,68,19.00,70,18.96,7,18.94,102,19.08,11,19.09,23,19.10,54,19.14,22,19.15,111,S
2017-8-31,09:41:00,19.04,13,799,24764,19.04,12,19.03,68,19.00,70,18.96,7,18.94,102,19.08,8,19.09,23,19.10,54,19.14,22,19.15,111,S
2017-8-31,09:41:07,19.04,12,811,22848,19.03,68,19.00,70,18.96,7,18.94,102,18.91,5,19.04,13,19.08,8,19.09,23,19.10,59,19.14,22,S
2017-8-31,09:41:17,19.03,21,832,39973,19.03,57,19.00,70,18.96,7,18.94,102,18.91,5,19.04,94,19.08,8,19.09,23,19.10,59,19.14,22,S
2017-8-31,09:41:23,19.03,50,882,95150,19.03,7,19.00,70,18.96,7,18.94,102,18.91,5,19.04,94,19.08,8,19.09,23,19.10,59,19.14,22,S
2017-8-31,09:41:26,19.04,96,978,182784,19.04,4,19.03,7,19.00,70,18.96,7,18.94,102,19.08,8,19.09,23,19.10,59,19.14,22,19.15,111,B
2017-8-31,09:41:37,19.08,3,981,5724,19.04,4,19.03,7,19.00,70,18.96,7,18.94,102,19.08,5,19.09,23,19.10,59,19.14,22,19.15,111,B
2017-8-31,09:41:43,19.04,4,985,7616,19.03,7,19.00,70,18.96,7,18.94,102,18.91,5,19.04,6,19.08,15,19.09,23,19.10,59,19.14,22,S
2017-8-31,09:41:59,19.04,6,991,11424,19.04,10,19.03,7,19.00,70,18.96,7,18.94,102,19.08,25,19.09,23,19.10,59,19.14,22,19.15,61,B
2017-8-31,09:42:28,19.08,2,993,3816,19.04,23,19.03,7,19.00,70,18.96,7,18.94,109,19.08,72,19.09,23,19.10,59,19.14,22,19.15,61,B
2017-8-31,09:42:58,19.04,10,1003,19040,19.04,28,19.03,7,19.00,70,18.96,7,18.94,102,19.08,72,19.09,23,19.10,59,19.14,22,19.15,62,S
2017-8-31,09:43:15,19.08,3,1006,5724,19.04,28,19.03,7,19.00,70,18.96,7,18.94,102,19.08,69,19.09,23,19.10,59,19.14,25,19.15,62,B
2017-8-31,09:43:40,19.05,22,1028,41930,19.05,48,19.04,28,19.03,7,19.00,70,18.96,7,19.07,23,19.08,69,19.09,23,19.10,59,19.14,25,S
2017-8-31,09:43:42,19.05,5,1033,9525,19.05,43,19.04,28,19.03,7,19.00,70,18.96,7,19.07,23,19.08,69,19.09,23,19.10,59,19.14,25,S
2017-8-31,09:43:54,19.05,46,1079,87633,19.04,28,19.03,7,19.00,70,18.96,7,18.94,102,19.05,4,19.07,23,19.08,69,19.09,23,19.10,59,S
2017-8-31,09:44:07,19.05,9,1088,17145,19.05,14,19.04,28,19.03,7,19.00,70,18.96,7,19.07,23,19.08,70,19.09,23,19.10,59,19.14,25,B
2017-8-31,09:44:28,19.05,10,1098,19050,19.05,4,19.04,28,19.03,7,19.00,70,18.96,7,19.07,23,19.08,49,19.09,23,19.10,59,19.14,25,S
2017-8-31,09:44:34,19.07,3,1101,5721,19.05,4,19.04,28,19.03,7,19.00,70,18.96,7,19.07,70,19.08,49,19.09,23,19.10,59,19.14,25,B
2017-8-31,09:44:39,19.05,1,1102,1905,19.04,28,19.03,7,19.00,70,18.96,22,18.94,102,19.05,17,19.07,70,19.08,49,19.09,23,19.10,59,S
2017-8-31,09:44:55,19.05,17,1119,32385,19.05,9,19.04,28,19.03,7,19.00,70,18.96,22,19.07,70,19.08,49,19.09,23,19.10,59,19.14,25,B
2017-8-31,09:44:58,19.00,100,1219,190178,19.00,14,18.96,27,18.94,102,18.91,5,18.84,3,19.07,70,19.08,49,19.09,23,19.10,59,19.14,25,S
2017-8-31,09:45:12,19.07,2,1221,3814,19.00,97,18.96,27,18.94,102,18.91,5,18.84,3,19.07,71,19.08,49,19.09,43,19.10,59,19.13,2,B
2017-8-31,09:45:29,19.06,3,1224,5718,19.00,97,18.96,27,18.94,102,18.91,5,18.90,1,19.06,38,19.07,71,19.08,49,19.09,43,19.10,59,B
2017-8-31,09:45:59,19.05,30,1254,57150,19.02,30,19.01,20,19.00,107,18.96,27,18.95,1,19.05,19,19.06,38,19.07,79,19.08,49,19.09,43,B
2017-8-31,09:46:01,19.05,3,1257,5715,19.02,30,19.01,20,19.00,107,18.96,27,18.95,1,19.05,16,19.06,38,19.07,84,19.08,49,19.09,43,B
2017-8-31,09:46:11,19.05,10,1267,19050,19.02,30,19.01,20,19.00,107,18.96,27,18.95,1,19.05,6,19.06,41,19.07,84,19.08,49,19.09,46,B
2017-8-31,09:46:22,19.02,4,1271,7608,19.02,26,19.01,20,19.00,107,18.96,27,18.95,1,19.05,6,19.06,43,19.07,84,19.08,49,19.09,46,S
2017-8-31,09:46:30,19.02,6,1277,11421,19.02,23,19.01,20,19.00,74,18.96,27,18.95,1,19.05,13,19.06,43,19.07,84,19.08,49,19.09,51,S
2017-8-31,09:46:37,19.02,23,1300,43746,19.01,20,19.00,74,18.96,27,18.95,1,18.94,102,19.02,7,19.05,13,19.06,43,19.07,84,19.08,49,S
2017-8-31,09:46:54,19.01,10,1310,19010,19.01,10,19.00,74,18.96,27,18.94,102,18.91,5,19.02,37,19.05,13,19.06,44,19.07,84,19.08,49,S
2017-8-31,09:47:11,19.02,3,1313,5706,19.01,10,19.00,74,18.96,27,18.94,102,18.91,5,19.02,24,19.05,13,19.06,44,19.07,84,19.08,49,B
2017-8-31,09:47:16,19.01,10,1323,19010,19.00,74,18.96,27,18.94,102,18.91,5,18.85,4,19.02,24,19.05,13,19.06,44,19.07,84,19.08,49,S
2017-8-31,09:47:34,19.01,50,1373,95050,19.00,64,18.96,22,18.94,102,18.91,5,18.85,4,19.02,24,19.05,13,19.06,44,19.07,79,19.08,49,B
2017-8-31,09:47:38,19.00,33,1406,62700,19.01,2,19.00,31,18.96,22,18.94,102,18.91,5,19.02,24,19.05,13,19.06,46,19.07,79,19.08,49,S
2017-8-31,09:47:43,19.00,33,1439,62702,18.96,22,18.94,102,18.91,5,18.85,4,18.84,3,19.00,8,19.02,24,19.05,13,19.06,46,19.07,79,S
2017-8-31,09:48:06,19.00,11,1450,20900,18.96,22,18.94,102,18.91,5,18.85,4,18.84,3,19.00,7,19.02,24,19.05,13,19.06,46,19.07,79,B
2017-8-31,09:48:28,18.96,4,1454,7584,18.96,18,18.95,10,18.94,102,18.91,5,18.85,4,19.00,3,19.02,24,19.05,13,19.06,8,19.07,79,S
2017-8-31,09:48:41,19.00,3,1457,5700,18.97,18,18.96,18,18.95,10,18.94,102,18.91,5,19.02,24,19.05,13,19.06,8,19.07,79,19.08,67,B
2017-8-31,09:49:07,19.02,3,1460,5706,18.97,74,18.96,18,18.95,10,18.94,102,18.91,5,19.02,21,19.05,13,19.06,18,19.07,79,19.08,67,B
2017-8-31,09:49:42,19.01,1,1461,1901,18.98,24,18.97,74,18.96,18,18.95,10,18.94,102,19.02,21,19.05,13,19.06,18,19.07,79,19.08,67,B
2017-8-31,09:50:04,19.01,2,1463,3802,18.98,24,18.97,74,18.96,18,18.95,10,18.94,102,19.01,98,19.02,24,19.05,13,19.06,18,19.07,79,S
2017-8-31,09:50:11,19.01,6,1469,11406,18.98,24,18.97,74,18.96,18,18.95,10,18.94,102,19.01,92,19.02,24,19.05,13,19.06,18,19.07,79,B
2017-8-31,09:50:21,19.01,90,1559,171090,18.98,24,18.97,74,18.96,18,18.95,10,18.94,102,19.01,2,19.02,21,19.05,13,19.06,18,19.07,79,B
2017-8-31,09:50:25,18.98,14,1573,26572,18.98,10,18.97,74,18.96,18,18.95,10,18.94,102,19.01,2,19.02,21,19.05,13,19.06,18,19.07,79,S
2017-8-31,09:50:41,19.01,3,1576,5703,18.98,10,18.97,74,18.96,18,18.95,10,18.94,102,19.01,2,19.02,21,19.05,13,19.06,18,19.07,79,B
2017-8-31,09:51:07,19.00,21,1597,39900,19.00,20,18.98,10,18.97,74,18.96,18,18.95,10,19.01,2,19.02,21,19.05,13,19.06,16,19.07,79,B
2017-8-31,09:51:20,19.00,16,1613,30400,19.00,7,18.98,10,18.97,56,18.96,18,18.95,10,19.01,14,19.02,21,19.05,13,19.06,16,19.07,79,S
2017-8-31,09:51:29,19.00,1,1614,1900,19.00,26,18.98,10,18.97,56,18.96,18,18.95,10,19.01,14,19.02,21,19.05,13,19.06,16,19.07,79,S
2017-8-31,09:51:33,19.01,10,1624,19010,19.00,26,18.98,10,18.97,56,18.96,18,18.95,10,19.01,4,19.02,21,19.05,13,19.06,16,19.07,76,B
2017-8-31,09:51:44,19.01,3,1627,5703,19.00,26,18.98,10,18.97,56,18.96,18,18.95,10,19.01,1,19.02,21,19.05,13,19.06,16,19.07,76,B
2017-8-31,09:52:11,19.00,24,1651,45602,19.00,1,18.98,10,18.97,56,18.96,18,18.95,10,19.02,24,19.05,13,19.06,16,19.07,76,19.08,67,S
2017-8-31,09:52:16,19.02,3,1654,5706,19.00,1,18.98,10,18.97,56,18.96,18,18.95,10,19.02,21,19.05,13,19.06,16,19.07,76,19.08,67,B
2017-8-31,09:52:39,19.01,5,1659,9507,19.00,1,18.98,10,18.97,56,18.96,18,18.95,10,19.01,17,19.02,19,19.05,13,19.06,16,19.07,76,S
2017-8-31,09:52:45,19.01,15,1674,28515,19.00,1,18.98,10,18.97,56,18.96,18,18.95,10,19.01,2,19.02,19,19.05,13,19.06,16,19.07,76,B
2017-8-31,09:52:54,19.01,2,1676,3802,19.00,1,18.98,10,18.97,56,18.96,18,18.95,10,19.02,19,19.05,13,19.06,16,19.07,76,19.08,67,B
2017-8-31,09:53:12,19.02,3,1679,5706,19.00,1,18.98,10,18.97,56,18.96,18,18.95,10,19.02,6,19.05,13,19.06,16,19.07,76,19.08,67,B
2017-8-31,09:53:32,19.02,3,1682,5706,19.00,1,18.98,10,18.97,56,18.96,18,18.95,10,19.02,3,19.05,13,19.06,16,19.07,76,19.08,49,B
2017-8-31,09:53:36,19.02,3,1685,5706,19.00,1,18.98,10,18.97,56,18.96,18,18.95,10,19.05,13,19.06,16,19.07,76,19.08,49,19.09,52,B
2017-8-31,09:54:03,19.05,3,1688,5715,19.00,11,18.98,10,18.97,56,18.96,18,18.95,10,19.05,10,19.06,16,19.07,76,19.08,49,19.09,52,B
2017-8-31,09:54:08,19.05,21,1709,39940,18.98,10,18.97,56,18.96,18,18.95,10,18.94,102,19.05,2,19.06,16,19.07,76,19.08,49,19.09,52,B
2017-8-31,09:54:30,19.05,3,1712,5710,19.05,1,18.98,10,18.97,56,18.96,18,18.95,10,19.06,16,19.07,76,19.08,49,19.09,52,19.10,59,B
2017-8-31,09:54:34,19.05,1,1713,1905,18.98,10,18.97,56,18.96,18,18.95,10,18.94,102,19.05,58,19.06,16,19.07,76,19.08,49,19.09,52,S
2017-8-31,09:54:56,19.05,30,1743,57150,18.99,31,18.98,10,18.97,56,18.96,18,18.95,10,19.05,28,19.06,16,19.07,76,19.08,49,19.09,52,B
2017-8-31,09:55:00,18.99,10,1753,18990,18.99,21,18.98,10,18.97,56,18.96,18,18.95,10,19.05,28,19.06,16,19.07,76,19.08,49,19.09,52,S
2017-8-31,09:55:14,19.05,3,1756,5715,18.99,21,18.98,10,18.97,56,18.96,18,18.95,10,19.05,27,19.06,16,19.07,76,19.08,49,19.09,52,B
2017-8-31,09:55:31,18.99,2,1758,3798,18.99,19,18.98,10,18.97,56,18.96,18,18.95,10,19.04,30,19.05,27,19.06,26,19.07,76,19.08,49,S
2017-8-31,09:55:36,19.04,20,1778,38080,18.99,19,18.98,10,18.97,56,18.96,18,18.95,10,19.04,10,19.05,27,19.06,26,19.07,76,19.08,49,B
2017-8-31,09:55:37,19.04,3,1781,5712,18.99,19,18.98,10,18.97,56,18.96,18,18.95,10,19.03,20,19.04,7,19.05,27,19.06,26,19.07,76,B
2017-8-31,09:55:58,19.03,10,1791,19030,18.99,19,18.98,10,18.97,56,18.96,18,18.95,10,19.03,10,19.04,7,19.05,27,19.06,26,19.07,76,B
2017-8-31,09:55:59,19.03,10,1801,19030,19.03,90,18.99,19,18.98,10,18.97,56,18.96,18,19.04,7,19.05,27,19.06,26,19.07,76,19.08,49,B
2017-8-31,09:56:14,19.04,3,1804,5712,19.03,90,19.00,50,18.99,19,18.98,10,18.97,56,19.04,4,19.05,27,19.06,26,19.07,76,19.08,49,B
2017-8-31,09:56:29,19.03,15,1819,28545,19.03,86,19.00,50,18.99,19,18.98,10,18.97,56,19.04,4,19.05,27,19.06,26,19.07,76,19.08,49,S
2017-8-31,09:56:44,19.04,3,1822,5712,19.03,86,19.00,62,18.99,19,18.98,16,18.97,56,19.04,1,19.05,27,19.06,26,19.07,76,19.08,49,B
2017-8-31,09:56:56,19.04,1,1823,1904,19.04,4,19.03,11,19.00,62,18.99,19,18.98,16,19.05,27,19.06,26,19.07,76,19.08,49,19.09,64,B
2017-8-31,09:56:58,19.03,5,1828,9519,19.03,10,19.00,62,18.99,19,18.98,16,18.97,56,19.05,27,19.06,26,19.07,76,19.08,49,19.09,64,S
2017-8-31,09:57:10,19.05,2,1830,3810,19.03,10,19.00,62,18.99,19,18.98,16,18.97,56,19.05,25,19.06,26,19.07,76,19.08,49,19.09,64,B
2017-8-31,09:57:37,19.03,10,1840,19030,19.00,62,18.99,19,18.98,16,18.97,56,18.96,18,19.03,65,19.05,30,19.06,26,19.07,76,19.08,49,S
2017-8-31,09:57:51,19.03,53,1893,100859,19.00,62,18.99,19,18.98,16,18.97,56,18.96,18,19.03,12,19.05,42,19.06,26,19.07,76,19.08,49,B
2017-8-31,09:58:10,19.03,3,1896,5709,19.00,62,18.99,19,18.98,16,18.97,56,18.96,18,19.03,9,19.05,45,19.06,26,19.07,76,19.08,49,B
2017-8-31,09:58:32,19.03,3,1899,5709,19.02,50,19.00,62,18.99,19,18.98,16,18.97,56,19.03,6,19.05,45,19.06,26,19.07,76,19.08,49,B
2017-8-31,09:59:11,19.03,3,1902,5709,19.02,50,19.00,62,18.99,19,18.98,16,18.97,56,19.03,3,19.05,40,19.06,26,19.07,76,19.08,49,B
2017-8-31,09:59:24,19.02,5,1907,9510,19.02,45,19.00,62,18.99,19,18.98,16,18.97,56,19.03,3,19.04,10,19.05,40,19.06,26,19.07,76,S
2017-8-31,09:59:28,19.02,20,1927,38040,19.02,25,19.00,64,18.99,19,18.98,16,18.97,56,19.03,3,19.04,10,19.05,40,19.06,26,19.07,76,S
2017-8-31,09:59:33,19.02,7,1934,13316,19.02,20,19.00,64,18.99,19,18.98,16,18.97,56,19.03,2,19.04,10,19.05,40,19.06,26,19.07,76,S
2017-8-31,09:59:45,19.03,2,1936,3806,19.02,20,19.00,64,18.99,19,18.98,16,18.97,56,19.03,15,19.04,10,19.05,40,19.06,26,19.07,76,B
2017-8-31,10:00:10,19.03,3,1939,5709,19.02,20,19.00,62,18.99,19,18.98,16,18.97,56,19.03,62,19.04,10,19.05,40,19.06,26,19.07,76,B
2017-8-31,10:00:18,19.03,40,1979,76120,19.02,20,19.00,62,18.99,19,18.98,16,18.97,56,19.03,22,19.04,10,19.05,40,19.06,26,19.07,76,B
2017-8-31,10:00:26,19.03,20,1999,38060,19.02,20,19.00,62,18.99,19,18.98,16,18.97,56,19.03,12,19.04,10,19.05,40,19.06,26,19.07,76,B
2017-8-31,10:00:36,19.03,10,2009,19030,19.02,20,19.00,62,18.99,19,18.98,16,18.97,56,19.03,2,19.04,10,19.05,40,19.06,26,19.07,76,B
2017-8-31,10:00:39,19.03,2,2011,3806,19.03,1,19.02,20,19.00,62,18.99,19,18.98,16,19.04,10,19.05,40,19.06,26,19.07,76,19.08,49,B
2017-8-31,10:01:08,19.04,6,2017,11424,19.02,30,19.00,62,18.99,19,18.98,16,18.97,56,19.04,4,19.05,40,19.06,24,19.07,76,19.08,49,B
2017-8-31,10:01:53,19.04,4,2021,7616,19.04,12,19.02,40,19.00,62,18.99,19,18.98,16,19.05,40,19.06,26,19.07,76,19.08,49,19.09,42,B
2017-8-31,10:02:33,19.05,6,2027,11430,19.04,11,19.02,80,19.00,62,18.99,19,18.98,16,19.05,46,19.06,26,19.07,76,19.08,69,19.09,44,B
2017-8-31,10:02:51,19.05,31,2058,59055,19.04,11,19.03,5,19.02,80,19.00,62,18.99,19,19.05,12,19.06,26,19.07,71,19.08,69,19.09,44,B
2017-8-31,10:02:55,19.05,5,2063,9525,19.04,11,19.03,5,19.02,80,19.00,62,18.99,19,19.05,7,19.06,26,19.07,71,19.08,69,19.09,44,B
2017-8-31,10:03:08,19.05,7,2070,13335,19.04,11,19.03,5,19.02,80,19.00,62,18.99,19,19.06,26,19.07,71,19.08,69,19.09,44,19.10,107,B
2017-8-31,10:03:11,19.04,6,2076,11424,19.04,5,19.03,5,19.02,80,19.00,62,18.99,19,19.06,26,19.07,71,19.08,69,19.09,44,19.10,107,S
2017-8-31,10:03:22,19.06,1,2077,1906,19.04,5,19.03,5,19.02,80,19.00,62,18.99,19,19.06,25,19.07,71,19.08,69,19.09,44,19.10,107,B
2017-8-31,10:03:26,19.06,26,2103,49556,19.04,5,19.03,5,19.02,80,19.00,62,18.99,19,19.06,49,19.07,71,19.08,69,19.09,45,19.10,107,B
2017-8-31,10:03:34,19.04,5,2108,9520,19.03,5,19.02,80,19.00,62,18.99,19,18.98,16,19.06,49,19.07,71,19.08,49,19.09,45,19.10,107,S
2017-8-31,10:03:41,19.06,5,2113,9530,19.03,5,19.02,80,19.00,62,18.99,19,18.98,16,19.06,44,19.07,71,19.08,49,19.09,45,19.10,107,B
2017-8-31,10:03:51,19.06,20,2133,38120,19.03,5,19.02,80,19.00,62,18.99,19,18.98,16,19.06,24,19.07,71,19.08,49,19.09,45,19.10,107,B
2017-8-31,10:04:00,19.06,30,2163,57157,19.03,11,19.02,80,19.00,62,18.98,16,18.97,56,19.06,22,19.07,71,19.08,49,19.09,45,19.10,127,B
2017-8-31,10:04:20,19.06,6,2169,11436,19.03,61,19.02,80,19.00,62,18.98,16,18.97,56,19.06,15,19.07,71,19.08,49,19.09,45,19.10,127,B
2017-8-31,10:04:31,19.04,5,2174,9520,19.04,31,19.03,61,19.02,80,19.00,62,18.98,16,19.06,15,19.07,71,19.08,49,19.09,45,19.10,127,S
2017-8-31,10:04:43,19.06,6,2180,11436,19.04,31,19.03,61,19.02,80,19.00,62,18.98,16,19.06,9,19.07,71,19.08,49,19.09,45,19.10,127,B
2017-8-31,10:04:56,19.06,9,2189,17154,19.06,1,19.04,31,19.03,61,19.02,80,19.00,62,19.07,71,19.08,49,19.09,45,19.10,127,19.13,2,B
2017-8-31,10:05:02,19.06,1,2190,1906,19.04,31,19.03,61,19.02,80,19.00,62,18.98,16,19.06,1,19.07,71,19.08,49,19.09,45,19.10,127,S
2017-8-31,10:05:19,19.06,1,2191,1906,19.06,4,19.04,31,19.03,61,19.02,80,19.00,62,19.07,71,19.08,49,19.09,45,19.10,127,19.13,2,B
2017-8-31,10:05:40,19.07,6,2197,11442,19.06,4,19.04,31,19.03,61,19.02,80,19.00,62,19.07,65,19.08,49,19.09,45,19.10,127,19.13,2,B
2017-8-31,10:06:13,19.07,5,2202,9535,19.04,31,19.03,61,19.02,80,19.00,62,18.98,16,19.07,60,19.08,49,19.09,45,19.10,127,19.13,2,B
2017-8-31,10:06:38,19.07,2,2204,3814,19.04,31,19.03,61,19.02,80,19.00,62,18.98,16,19.07,58,19.08,49,19.09,45,19.10,127,19.13,2,B
2017-8-31,10:06:45,19.07,6,2210,11442,19.04,31,19.03,61,19.02,80,19.00,62,18.98,16,19.07,52,19.08,49,19.09,45,19.10,127,19.13,2,B
2017-8-31,10:06:54,19.07,30,2240,57210,19.04,31,19.03,61,19.02,80,19.00,62,18.98,16,19.07,22,19.08,49,19.09,45,19.10,127,19.13,2,B
2017-8-31,10:07:11,19.07,6,2246,11442,19.04,36,19.03,61,19.02,80,19.00,62,18.98,16,19.07,16,19.08,49,19.09,45,19.10,126,19.13,2,B
2017-8-31,10:07:39,19.07,5,2251,9535,19.06,16,19.05,2,19.04,36,19.03,61,19.02,85,19.07,11,19.08,46,19.09,45,19.10,126,19.13,2,B
2017-8-31,10:08:25,19.07,6,2257,11442,19.06,17,19.05,9,19.04,36,19.03,61,19.02,85,19.07,5,19.08,46,19.09,45,19.10,126,19.13,22,B
2017-8-31,10:08:43,19.07,5,2262,9535,19.06,17,19.05,9,19.04,36,19.03,61,19.02,85,19.08,46,19.09,45,19.10,126,19.13,22,19.14,25,B
2017-8-31,10:09:03,19.07,6,2268,11442,19.06,17,19.05,9,19.04,36,19.03,61,19.02,85,19.07,94,19.08,46,19.09,45,19.10,132,19.13,22,B
2017-8-31,10:09:16,19.07,6,2274,11442,19.06,17,19.05,9,19.04,36,19.03,61,19.02,85,19.07,92,19.08,46,19.09,45,19.10,132,19.13,22,B
2017-8-31,10:09:19,19.06,5,2279,9530,19.06,12,19.05,9,19.04,36,19.03,61,19.02,85,19.07,92,19.08,46,19.09,45,19.10,132,19.13,22,S
2017-8-31,10:09:23,19.06,12,2291,22872,19.05,9,19.04,36,19.03,61,19.02,86,19.00,62,19.06,18,19.07,92,19.08,46,19.09,45,19.10,132,S
2017-8-31,10:09:28,19.06,4,2295,7624,19.05,9,19.04,36,19.03,61,19.02,86,19.00,62,19.06,14,19.07,92,19.08,46,19.09,33,19.10,132,B
2017-8-31,10:09:44,19.06,6,2301,11436,19.05,9,19.04,36,19.03,61,19.02,86,19.00,62,19.06,8,19.07,92,19.08,56,19.09,33,19.10,132,B
2017-8-31,10:10:22,19.05,1,2302,1905,19.05,8,19.04,36,19.03,61,19.02,86,19.00,62,19.06,8,19.07,92,19.08,56,19.09,33,19.10,142,S
2017-8-31,10:10:31,19.06,14,2316,26674,19.04,36,19.03,61,19.02,86,19.00,62,18.98,16,19.06,4,19.07,92,19.08,56,19.09,33,19.10,142,B
2017-8-31,10:11:04,19.05,1,2317,1905,19.05,4,19.04,36,19.03,61,19.02,86,19.00,62,19.06,4,19.07,96,19.08,56,19.09,33,19.10,142,S
2017-8-31,10:11:15,19.06,4,2321,7624,19.06,1,19.05,4,19.04,36,19.03,61,19.02,86,19.07,96,19.08,56,19.09,33,19.10,142,19.12,7,B
2017-8-31,10:11:27,19.05,6,2327,11431,19.04,36,19.03,61,19.02,86,19.00,62,18.98,16,19.05,4,19.07,96,19.08,56,19.09,33,19.10,142,S
2017-8-31,10:11:41,19.05,4,2331,7620,19.05,2,19.04,36,19.03,61,19.02,86,19.00,62,19.06,5,19.07,96,19.08,56,19.09,33,19.10,142,B
2017-8-31,10:11:52,19.04,48,2379,91394,19.04,10,19.03,61,19.02,86,19.00,62,18.99,31,19.06,5,19.07,96,19.08,56,19.09,33,19.10,142,S
2017-8-31,10:11:56,19.07,7,2386,13344,19.04,10,19.03,61,19.02,86,19.00,62,18.99,31,19.07,94,19.08,56,19.09,33,19.10,142,19.12,7,B
2017-8-31,10:12:30,19.07,5,2391,9535,19.06,1,19.04,10,19.03,61,19.02,86,19.00,62,19.07,89,19.08,56,19.09,36,19.10,142,19.12,7,B
2017-8-31,10:12:54,19.07,6,2397,11442,19.04,10,19.03,61,19.02,86,19.00,62,18.99,31,19.07,83,19.08,56,19.09,36,19.10,142,19.12,7,B
2017-8-31,10:13:12,19.06,6,2403,11436,19.04,60,19.03,61,19.02,86,19.00,62,18.99,31,19.06,10,19.07,83,19.08,56,19.09,36,19.10,142,B
2017-8-31,10:13:21,19.06,5,2408,9530,19.04,80,19.03,61,19.02,86,19.00,62,18.99,31,19.06,5,19.07,83,19.08,56,19.09,36,19.10,142,B
2017-8-31,10:13:41,19.06,17,2425,32402,19.05,3,19.04,80,19.03,61,19.02,86,19.00,62,19.06,3,19.07,83,19.08,51,19.09,36,19.10,142,B
2017-8-31,10:13:52,19.06,1,2426,1906,19.05,23,19.04,80,19.03,61,19.02,86,19.00,62,19.06,32,19.07,83,19.08,51,19.09,41,19.10,142,B
2017-8-31,10:14:15,19.06,16,2442,30496,19.05,23,19.04,80,19.03,61,19.02,86,19.00,62,19.06,16,19.07,83,19.08,51,19.09,41,19.10,147,B
2017-8-31,10:14:25,19.06,5,2447,9530,19.05,23,19.04,80,19.03,61,19.02,86,19.00,62,19.06,16,19.07,83,19.08,51,19.09,41,19.10,147,B
2017-8-31,10:14:59,19.06,6,2453,11436,19.05,23,19.04,80,19.03,61,19.02,85,19.00,62,19.06,30,19.07,83,19.08,51,19.09,41,19.10,147,B
2017-8-31,10:15:06,19.06,1,2454,1906,19.05,23,19.04,80,19.03,61,19.02,85,19.00,62,19.06,36,19.07,83,19.08,51,19.09,31,19.10,147,B
2017-8-31,10:15:17,19.06,10,2464,19060,19.05,23,19.04,80,19.03,61,19.02,85,19.00,62,19.06,26,19.07,83,19.08,51,19.09,41,19.10,155,B
2017-8-31,10:15:25,19.05,19,2483,36200,19.05,9,19.04,80,19.03,61,19.02,85,19.00,62,19.06,31,19.07,83,19.08,51,19.09,41,19.10,155,S
2017-8-31,10:15:32,19.06,1,2484,1906,19.05,9,19.04,80,19.03,61,19.02,85,19.00,62,19.06,60,19.07,83,19.08,51,19.09,41,19.10,155,B
2017-8-31,10:15:51,19.05,2,2486,3810,19.05,7,19.04,80,19.03,61,19.02,85,19.00,62,19.06,63,19.07,83,19.08,51,19.09,41,19.10,155,S
2017-8-31,10:15:57,19.06,6,2492,11436,19.05,7,19.04,80,19.03,61,19.02,85,19.00,62,19.06,57,19.07,83,19.08,51,19.09,41,19.10,155,B
2017-8-31,10:16:14,19.06,57,2549,108642,19.06,3,19.05,7,19.04,80,19.03,61,19.02,85,19.07,83,19.08,51,19.09,41,19.10,155,19.12,7,B
2017-8-31,10:16:26,19.06,4,2553,7624,19.05,7,19.04,80,19.03,61,19.02,85,19.00,62,19.07,83,19.08,51,19.09,41,19.10,155,19.12,7,S
2017-8-31,10:17:52,19.05,1,2554,1905,19.05,36,19.04,80,19.03,61,19.02,85,19.00,62,19.06,35,19.07,83,19.08,51,19.09,57,19.10,157,S
2017-8-31,10:18:11,19.05,20,2574,38100,19.05,16,19.04,80,19.03,61,19.02,85,19.00,62,19.06,35,19.07,83,19.08,51,19.09,57,19.10,157,S
2017-8-31,10:18:34,19.05,7,2581,13335,19.05,9,19.04,100,19.03,61,19.02,85,19.00,78,19.06,35,19.07,83,19.08,51,19.09,57,19.10,157,S
2017-8-31,10:19:25,19.05,2,2583,3810,19.05,7,19.04,100,19.03,61,19.02,85,19.00,62,19.06,35,19.07,83,19.08,51,19.09,57,19.10,157,S
2017-8-31,10:19:31,19.05,2,2585,3810,19.05,5,19.04,100,19.03,61,19.02,85,19.00,62,19.06,36,19.07,83,19.08,51,19.09,57,19.10,157,S
2017-8-31,10:20:03,19.06,32,2617,60992,19.05,5,19.04,100,19.03,61,19.02,55,19.00,62,19.06,4,19.07,83,19.08,51,19.09,57,19.10,157,B
2017-8-31,10:20:20,19.05,1,2618,1905,19.05,4,19.04,100,19.03,61,19.02,55,19.00,62,19.06,4,19.07,83,19.08,51,19.09,57,19.10,156,S
2017-8-31,10:20:35,19.04,80,2698,152324,19.04,24,19.03,61,19.02,55,19.00,77,18.99,31,19.06,9,19.07,83,19.08,51,19.09,57,19.10,156,S
2017-8-31,10:20:53,19.04,1,2699,1904,19.04,23,19.03,51,19.02,55,19.00,77,18.99,31,19.06,9,19.07,83,19.08,58,19.09,57,19.10,162,S
2017-8-31,10:21:02,19.04,5,2704,9520,19.04,18,19.03,51,19.02,55,19.00,62,18.99,31,19.06,9,19.07,83,19.08,58,19.09,57,19.10,162,S
2017-8-31,10:21:22,19.04,7,2711,13328,19.04,11,19.03,101,19.02,55,19.00,62,18.99,31,19.06,9,19.07,83,19.08,58,19.09,57,19.10,162,S
2017-8-31,10:22:04,19.04,2,2713,3808,19.04,9,19.03,101,19.02,55,19.00,62,18.99,31,19.06,16,19.07,83,19.08,58,19.09,57,19.10,164,S
2017-8-31,10:22:24,19.04,5,2718,9520,19.04,4,19.03,101,19.02,55,19.00,62,18.99,31,19.06,16,19.07,83,19.08,58,19.09,57,19.10,158,S
2017-8-31,10:22:56,19.04,4,2722,7616,19.03,101,19.02,55,19.00,62,18.99,31,18.98,26,19.04,1,19.06,16,19.07,83,19.08,58,19.09,57,S
2017-8-31,10:23:07,19.03,20,2742,38060,19.03,81,19.02,55,19.00,62,18.99,31,18.98,26,19.04,1,19.06,16,19.07,79,19.08,58,19.09,57,S
2017-8-31,10:24:09,19.03,20,2762,38060,19.03,61,19.02,55,19.00,62,18.99,31,18.98,26,19.04,1,19.06,22,19.07,79,19.08,58,19.09,57,S
2017-8-31,10:24:14,19.03,8,2770,15224,19.03,53,19.02,55,19.00,112,18.99,31,18.98,26,19.04,1,19.06,22,19.07,79,19.08,58,19.09,57,S
2017-8-31,10:24:29,19.03,10,2780,19030,19.03,43,19.02,55,19.00,112,18.99,31,18.98,26,19.04,1,19.06,22,19.07,79,19.08,58,19.09,57,S
2017-8-31,10:24:45,19.03,20,2800,38060,19.03,23,19.02,55,19.00,112,18.99,31,18.98,26,19.04,1,19.06,22,19.07,79,19.08,51,19.09,57,S
2017-8-31,10:25:30,19.00,190,2990,361179,18.99,31,18.98,26,18.97,56,18.96,18,18.95,10,19.00,40,19.06,27,19.07,79,19.08,51,19.09,57,S
2017-8-31,10:25:33,19.00,40,3030,76000,19.00,10,18.99,31,18.98,26,18.97,56,18.96,18,19.06,27,19.07,79,19.08,51,19.09,57,19.10,158,B
2017-8-31,10:26:32,19.04,3,3033,5712,19.04,2,19.00,70,18.99,31,18.98,26,18.97,56,19.05,15,19.06,27,19.07,79,19.08,51,19.09,57,S
2017-8-31,10:27:05,19.05,10,3043,19050,19.04,2,19.03,2,19.00,127,18.99,31,18.98,26,19.05,10,19.06,27,19.07,79,19.08,51,19.09,57,B
2017-8-31,10:27:09,19.05,10,3053,19050,19.05,5,19.04,2,19.03,2,19.00,127,18.99,31,19.06,27,19.07,79,19.08,51,19.09,57,19.10,158,B
2017-8-31,10:27:31,19.05,5,3058,9525,19.04,2,19.03,2,19.00,70,18.99,31,18.98,26,19.06,27,19.07,79,19.08,51,19.09,57,19.10,158,S
2017-8-31,10:27:53,19.06,10,3068,19060,19.04,2,19.03,2,19.00,70,18.99,31,18.98,26,19.06,17,19.07,79,19.08,51,19.09,57,19.10,158,B
2017-8-31,10:28:21,19.04,2,3070,3808,19.03,22,19.00,70,18.99,31,18.98,26,18.97,56,19.05,14,19.06,22,19.07,79,19.08,52,19.09,57,S
2017-8-31,10:29:07,19.03,1,3071,1903,19.03,71,19.00,70,18.99,31,18.98,26,18.97,56,19.05,18,19.06,76,19.07,79,19.08,52,19.09,57,S
2017-8-31,10:29:13,19.05,18,3089,34290,19.05,39,19.03,71,19.00,70,18.99,31,18.98,26,19.06,76,19.07,79,19.08,52,19.09,57,19.10,124,B
2017-8-31,10:29:32,19.05,5,3094,9525,19.05,39,19.03,71,19.00,70,18.99,31,18.98,26,19.06,76,19.07,79,19.08,52,19.09,57,19.10,129,S
2017-8-31,10:29:47,19.05,36,3130,68580,19.05,3,19.03,71,19.00,70,18.99,31,18.98,26,19.06,83,19.07,79,19.08,52,19.09,57,19.10,129,S
2017-8-31,10:29:52,19.05,3,3133,5715,19.03,71,19.00,70,18.99,31,18.98,26,18.97,56,19.05,6,19.06,83,19.07,79,19.08,52,19.09,57,S
2017-8-31,10:31:11,19.03,50,3183,95150,19.03,21,19.02,50,19.00,70,18.99,31,18.98,26,19.05,18,19.06,76,19.07,79,19.08,52,19.09,157,S
2017-8-31,10:31:43,19.03,3,3186,5709,19.03,18,19.02,70,19.00,70,18.99,31,18.98,26,19.05,21,19.06,46,19.07,79,19.08,52,19.09,157,S
2017-8-31,10:31:58,19.03,1,3187,1903,19.03,17,19.02,70,19.00,70,18.99,31,18.98,26,19.05,61,19.06,46,19.07,79,19.08,52,19.09,157,S
2017-8-31,10:32:52,19.03,2,3189,3806,19.03,15,19.02,70,19.00,70,18.98,26,18.97,56,19.05,72,19.06,48,19.07,79,19.08,52,19.09,157,S
2017-8-31,10:33:04,19.03,15,3204,28545,19.02,70,19.01,5,19.00,70,18.98,26,18.97,56,19.05,72,19.06,48,19.07,79,19.08,52,19.09,157,S
2017-8-31,10:33:49,19.03,3,3207,5709,19.03,2,19.02,70,19.01,5,19.00,70,18.98,26,19.05,49,19.06,48,19.07,79,19.08,52,19.09,157,B
2017-8-31,10:34:54,19.05,20,3227,38100,19.03,2,19.02,70,19.01,5,19.00,70,18.98,26,19.05,62,19.06,48,19.07,79,19.08,52,19.09,157,B
2017-8-31,10:35:20,19.05,40,3267,76200,19.03,17,19.02,70,19.01,5,19.00,70,18.98,26,19.05,22,19.06,48,19.07,79,19.08,52,19.09,157,B
2017-8-31,10:36:07,19.05,2,3269,3810,19.03,27,19.02,70,19.01,10,19.00,70,18.98,26,19.05,33,19.06,48,19.07,79,19.08,62,19.09,157,B
2017-8-31,10:36:21,19.03,1,3270,1903,19.03,26,19.02,70,19.01,10,19.00,70,18.98,26,19.05,33,19.06,48,19.07,79,19.08,62,19.09,157,S
2017-8-31,10:36:41,19.03,20,3290,38060,19.03,6,19.02,70,19.01,10,19.00,70,18.98,26,19.05,49,19.06,48,19.07,79,19.08,62,19.09,157,S
2017-8-31,10:36:47,19.03,6,3296,11418,19.02,70,19.01,10,19.00,70,18.98,26,18.97,56,19.03,34,19.05,49,19.06,57,19.07,79,19.08,62,S
2017-8-31,10:37:20,19.02,9,3305,17118,19.02,61,19.01,60,19.00,70,18.98,26,18.97,56,19.03,35,19.05,51,19.06,57,19.07,79,19.08,62,S
2017-8-31,10:37:25,19.03,5,3310,9515,19.03,5,19.02,61,19.01,60,19.00,70,18.98,26,19.05,51,19.06,57,19.07,79,19.08,62,19.09,157,B
2017-8-31,10:37:55,19.03,20,3330,38060,19.03,5,19.02,61,19.01,60,19.00,70,18.98,26,19.05,51,19.06,57,19.07,79,19.08,62,19.09,157,S
2017-8-31,10:38:22,19.03,3,3333,5709,19.03,2,19.02,61,19.01,60,19.00,70,18.98,26,19.05,39,19.06,57,19.07,79,19.08,67,19.09,157,S
2017-8-31,10:38:37,19.03,22,3355,41866,19.02,61,19.01,60,19.00,70,18.98,26,18.97,56,19.03,8,19.04,30,19.05,41,19.06,57,19.07,79,S
2017-8-31,10:39:11,19.02,50,3405,95100,19.02,11,19.01,60,19.00,70,18.98,26,18.97,56,19.03,22,19.04,30,19.05,41,19.06,33,19.07,79,S
2017-8-31,10:39:49,19.03,2,3407,3806,19.02,11,19.01,60,19.00,70,18.98,26,18.97,56,19.03,20,19.04,30,19.05,61,19.06,33,19.07,79,B
2017-8-31,10:40:22,19.03,21,3428,39963,19.03,9,19.02,11,19.01,60,19.00,70,18.98,26,19.04,30,19.05,61,19.06,33,19.07,79,19.08,101,B
2017-8-31,10:40:50,19.03,9,3437,17127,19.02,11,19.01,60,19.00,70,18.98,26,18.97,56,19.03,1,19.04,30,19.05,61,19.06,33,19.07,79,S
2017-8-31,10:41:09,19.03,1,3438,1903,19.03,10,19.02,11,19.01,60,19.00,70,18.98,26,19.04,30,19.05,61,19.06,33,19.07,79,19.08,91,B
2017-8-31,10:41:17,19.03,5,3443,9515,19.03,5,19.02,11,19.01,60,19.00,70,18.98,26,19.04,30,19.05,61,19.06,33,19.07,79,19.08,91,S
2017-8-31,10:42:00,19.01,102,3545,193958,19.01,34,19.00,70,18.98,26,18.97,56,18.96,18,19.05,91,19.06,33,19.07,79,19.08,91,19.09,157,S
2017-8-31,10:42:22,19.00,100,3645,190037,19.00,55,18.98,26,18.97,56,18.96,18,18.95,10,19.05,89,19.06,34,19.07,79,19.08,91,19.09,157,S
2017-8-31,10:42:40,19.04,25,3670,47600,19.00,75,18.98,26,18.97,56,18.96,18,18.95,10,19.04,15,19.05,89,19.06,34,19.07,79,19.08,91,B
2017-8-31,10:43:57,19.00,100,3770,190000,19.00,25,18.98,76,18.97,56,18.96,18,18.95,11,19.04,30,19.05,94,19.06,34,19.07,79,19.08,91,S
2017-8-31,10:44:06,19.00,1,3771,1900,19.00,24,18.98,76,18.97,56,18.96,18,18.95,11,19.04,30,19.05,94,19.06,34,19.07,79,19.08,91,S
2017-8-31,10:45:21,19.00,10,3781,19000,19.00,36,18.98,76,18.97,56,18.96,18,18.95,11,19.03,5,19.04,80,19.05,94,19.06,34,19.07,79,S
2017-8-31,10:46:40,19.00,10,3791,19000,19.00,89,18.98,76,18.97,56,18.96,18,18.95,11,19.03,5,19.04,35,19.05,64,19.06,34,19.07,79,S
2017-8-31,10:46:45,19.00,2,3793,3800,19.00,87,18.98,76,18.97,56,18.96,18,18.95,11,19.03,5,19.04,35,19.05,64,19.06,34,19.07,79,S
2017-8-31,10:47:09,19.00,1,3794,1900,19.00,86,18.98,76,18.97,56,18.96,18,18.95,11,19.03,5,19.04,35,19.05,64,19.06,34,19.07,79,S
2017-8-31,10:47:35,19.00,5,3799,9500,19.00,81,18.98,76,18.97,56,18.96,18,18.95,11,19.04,20,19.05,64,19.06,34,19.07,79,19.08,91,S
2017-8-31,10:48:33,19.02,10,3809,19020,19.02,2,19.00,101,18.98,76,18.97,56,18.96,18,19.04,20,19.05,114,19.06,34,19.07,79,19.08,91,S
2017-8-31,10:49:16,19.02,2,3811,3804,19.00,101,18.98,76,18.97,56,18.96,18,18.95,11,19.03,2,19.04,20,19.05,114,19.06,34,19.07,79,S
2017-8-31,10:51:15,19.00,40,3851,76000,19.00,61,18.98,76,18.97,56,18.96,18,18.95,11,19.03,102,19.04,21,19.05,99,19.06,34,19.07,79,S
2017-8-31,10:51:29,19.00,53,3904,100700,19.00,8,18.98,76,18.97,56,18.96,18,18.95,11,19.03,102,19.04,21,19.05,99,19.06,34,19.07,79,S
2017-8-31,10:51:34,19.00,8,3912,15200,18.98,76,18.97,56,18.96,18,18.95,11,18.94,112,19.03,112,19.04,21,19.05,99,19.06,34,19.07,79,S
2017-8-31,10:52:09,18.98,3,3915,5694,18.98,73,18.97,56,18.96,18,18.95,11,18.94,112,19.00,100,19.02,54,19.03,12,19.04,21,19.05,99,S
2017-8-31,10:52:19,19.00,4,3919,7600,18.98,73,18.97,56,18.96,18,18.95,11,18.94,112,19.00,96,19.02,54,19.03,12,19.04,21,19.05,99,B
2017-8-31,10:52:24,18.98,50,3969,94900,18.98,23,18.97,56,18.96,18,18.95,11,18.94,112,19.00,96,19.02,54,19.03,12,19.04,21,19.05,99,S
2017-8-31,10:52:47,18.98,33,4002,62634,18.97,56,18.96,18,18.95,11,18.94,112,18.91,5,18.98,16,19.00,120,19.02,5,19.03,12,19.04,21,S
2017-8-31,10:53:04,18.97,11,4013,20867,18.97,45,18.96,18,18.95,11,18.94,112,18.91,5,18.98,16,19.00,120,19.02,5,19.03,12,19.04,21,S
2017-8-31,10:53:06,19.00,50,4063,94968,18.97,45,18.96,18,18.95,11,18.94,112,18.91,5,19.00,86,19.02,5,19.03,12,19.04,21,19.05,99,B
2017-8-31,10:53:50,18.99,5,4068,9495,18.97,45,18.96,68,18.95,11,18.94,112,18.91,5,18.99,18,19.00,86,19.02,5,19.03,12,19.04,21,B
2017-8-31,10:55:31,18.97,2,4070,3794,18.97,43,18.96,68,18.95,61,18.94,112,18.91,8,18.99,28,19.00,88,19.01,1,19.02,55,19.03,12,S
2017-8-31,10:56:20,18.98,8,4078,15184,18.98,5,18.97,43,18.96,68,18.95,61,18.94,112,18.99,28,19.00,88,19.01,1,19.02,55,19.03,12,S
2017-8-31,10:56:25,18.98,5,4083,9490,18.97,43,18.96,68,18.95,61,18.94,112,18.91,8,18.99,28,19.00,88,19.01,1,19.02,55,19.03,12,S
2017-8-31,10:58:36,18.97,5,4088,9485,18.97,48,18.96,68,18.95,61,18.94,112,18.91,8,18.99,28,19.00,111,19.01,1,19.02,50,19.03,12,S
2017-8-31,10:58:59,18.97,30,4118,56910,18.97,18,18.96,68,18.95,61,18.94,112,18.91,8,18.99,28,19.00,111,19.01,1,19.03,12,19.04,26,S
2017-8-31,10:59:17,18.97,10,4128,18970,18.97,8,18.96,68,18.95,61,18.94,112,18.91,8,18.99,78,19.00,111,19.01,1,19.03,12,19.04,26,S
2017-8-31,10:59:23,18.96,10,4138,18968,18.96,66,18.95,61,18.94,112,18.91,8,18.90,2,18.99,78,19.00,111,19.01,1,19.03,12,19.04,26,S
2017-8-31,10:59:50,18.96,15,4153,28440,18.96,51,18.95,61,18.94,112,18.91,8,18.90,4,18.97,13,18.99,28,19.00,111,19.01,1,19.03,12,S
2017-8-31,11:00:02,18.96,51,4204,96696,18.95,61,18.94,112,18.91,8,18.90,4,18.87,1,18.96,56,18.97,13,18.99,18,19.00,111,19.01,1,S
2017-8-31,11:00:07,18.96,1,4205,1896,18.95,61,18.94,112,18.91,8,18.90,4,18.87,1,18.96,55,18.97,13,18.99,18,19.00,111,19.01,1,B
2017-8-31,11:00:35,18.95,10,4215,18950,18.95,51,18.94,112,18.91,8,18.90,4,18.87,1,18.96,60,18.97,13,18.99,18,19.00,111,19.01,1,S
2017-8-31,11:00:59,18.95,10,4225,18950,18.95,41,18.94,112,18.91,8,18.90,4,18.87,1,18.96,45,18.97,13,18.99,18,19.00,111,19.01,1,S
2017-8-31,11:01:08,18.95,41,4266,77695,18.94,112,18.91,8,18.90,4,18.87,1,18.86,5,18.95,1,18.96,45,18.99,18,19.00,111,19.01,1,S
2017-8-31,11:01:11,18.95,1,4267,1895,18.94,112,18.91,8,18.90,4,18.87,1,18.86,5,18.96,45,18.99,18,19.00,111,19.01,1,19.03,12,B
2017-8-31,11:01:20,18.94,16,4283,30304,18.94,96,18.91,8,18.90,4,18.87,1,18.86,5,18.95,13,18.96,45,18.99,18,19.00,111,19.01,1,S
2017-8-31,11:01:25,18.94,66,4349,125004,18.94,30,18.91,8,18.90,4,18.87,1,18.86,5,18.95,13,18.96,45,18.99,18,19.00,111,19.01,1,S
2017-8-31,11:01:59,18.94,2,4351,3788,18.94,28,18.91,8,18.90,4,18.87,1,18.86,5,18.95,79,18.96,45,18.99,18,19.00,109,19.01,1,S
2017-8-31,11:02:06,18.95,24,4375,45480,18.94,28,18.91,8,18.90,19,18.87,1,18.86,5,18.95,55,18.96,45,18.99,18,19.00,109,19.01,1,B
2017-8-31,11:02:17,18.94,4,4379,7576,18.94,24,18.91,8,18.90,19,18.87,1,18.86,5,18.95,55,18.96,45,18.99,18,19.00,109,19.01,1,S
2017-8-31,11:02:41,18.94,4,4383,7576,18.94,20,18.91,8,18.90,71,18.87,1,18.86,5,18.95,55,18.96,45,18.99,18,19.00,109,19.01,1,S
2017-8-31,11:03:23,18.94,2,4385,3788,18.94,18,18.91,8,18.90,71,18.87,51,18.86,5,18.95,55,18.96,35,18.99,18,19.00,109,19.01,1,S
2017-8-31,11:03:32,18.94,18,4403,34092,18.91,8,18.90,71,18.87,51,18.86,5,18.85,11,18.94,2,18.95,55,18.96,35,18.99,18,19.00,109,S
2017-8-31,11:04:10,18.91,1,4404,1891,18.91,7,18.90,71,18.87,51,18.86,5,18.85,11,18.94,2,18.95,55,18.96,35,18.99,1,19.00,109,S
2017-8-31,11:04:39,18.91,7,4411,13237,18.90,71,18.87,51,18.86,5,18.85,11,18.83,26,18.91,3,18.94,7,18.95,55,18.96,35,18.99,1,S
2017-8-31,11:04:52,18.91,18,4429,34021,18.90,54,18.87,51,18.86,5,18.85,61,18.83,26,18.91,2,18.94,7,18.95,55,18.96,35,18.99,1,B
2017-8-31,11:05:04,18.91,2,4431,3782,18.90,54,18.87,51,18.86,5,18.85,61,18.83,26,18.91,28,18.94,7,18.95,55,18.96,35,18.99,1,B
2017-8-31,11:05:23,18.90,31,4462,58590,18.90,23,18.87,51,18.86,11,18.85,61,18.83,26,18.91,28,18.94,7,18.95,55,18.96,35,18.99,1,S
2017-8-31,11:05:39,18.91,9,4471,17019,18.90,23,18.87,51,18.86,11,18.85,61,18.83,26,18.91,19,18.94,7,18.95,55,18.96,35,18.99,1,B
2017-8-31,11:05:42,18.90,23,4494,43470,18.87,51,18.86,11,18.85,61,18.83,26,18.81,3,18.90,9,18.91,19,18.94,7,18.95,55,18.96,35,S
2017-8-31,11:05:44,18.90,2,4496,3780,18.87,51,18.86,11,18.85,61,18.83,26,18.81,3,18.90,7,18.91,19,18.94,7,18.95,55,18.96,35,B
2017-8-31,11:05:54,18.90,7,4503,13230,18.90,3,18.87,51,18.86,11,18.85,61,18.81,3,18.91,19,18.94,7,18.95,55,18.96,35,18.99,1,B
2017-8-31,11:06:22,18.90,3,4506,5670,18.87,51,18.86,11,18.85,61,18.81,3,18.79,1,18.90,2,18.91,19,18.94,7,18.95,55,18.96,35,S
2017-8-31,11:06:39,18.90,3,4509,5670,18.90,5,18.88,5,18.87,51,18.86,11,18.85,61,18.91,19,18.94,7,18.95,55,18.96,35,18.99,1,B
2017-8-31,11:07:15,18.91,5,4514,9455,18.88,5,18.87,51,18.86,11,18.85,61,18.81,3,18.91,14,18.94,7,18.95,55,18.96,35,18.99,1,B
2017-8-31,11:07:26,18.91,3,4517,5673,18.88,5,18.87,51,18.86,11,18.85,61,18.81,3,18.91,11,18.94,7,18.95,55,18.96,35,18.99,1,B
2017-8-31,11:07:46,18.88,1,4518,1888,18.88,36,18.87,51,18.86,11,18.85,61,18.81,3,18.91,11,18.94,7,18.95,55,18.96,35,18.99,1,S
2017-8-31,11:07:52,18.91,11,4529,20801,18.91,7,18.88,36,18.87,51,18.86,11,18.85,61,18.94,7,18.95,55,18.96,35,18.99,1,19.00,109,B
2017-8-31,11:07:58,18.91,5,4534,9455,18.91,2,18.88,36,18.87,51,18.86,11,18.85,61,18.94,7,18.95,55,18.96,35,18.99,1,19.00,109,S
2017-8-31,11:10:28,18.91,3,4537,5673,18.91,7,18.90,16,18.88,37,18.87,51,18.86,31,18.94,33,18.95,55,18.96,35,18.98,5,18.99,1,S
2017-8-31,11:10:56,18.91,7,4544,13237,18.90,16,18.88,37,18.87,51,18.86,31,18.85,61,18.91,19,18.94,33,18.95,55,18.96,35,18.98,5,S
2017-8-31,11:11:20,18.90,9,4553,17010,18.90,7,18.88,37,18.87,51,18.86,31,18.85,61,18.91,25,18.94,33,18.95,55,18.96,35,18.98,5,S
2017-8-31,11:11:52,18.90,7,4560,13230,18.88,37,18.87,51,18.86,31,18.85,61,18.81,12,18.90,13,18.91,25,18.94,33,18.95,55,18.96,35,S
2017-8-31,11:12:15,18.90,10,4570,18900,18.88,37,18.87,51,18.86,31,18.85,61,18.81,12,18.90,3,18.91,25,18.94,33,18.95,55,18.96,35,B
2017-8-31,11:13:11,18.88,20,4590,37760,18.88,22,18.87,51,18.86,31,18.85,61,18.81,12,18.90,3,18.91,25,18.94,33,18.95,55,18.96,35,S
2017-8-31,11:13:34,18.88,3,4593,5664,18.88,19,18.87,51,18.86,31,18.85,61,18.81,12,18.90,3,18.91,25,18.94,33,18.95,55,18.96,35,S
2017-8-31,11:14:22,18.88,5,4598,9440,18.88,14,18.87,51,18.86,31,18.85,61,18.81,18,18.90,11,18.91,25,18.94,33,18.95,47,18.96,35,S
2017-8-31,11:16:45,18.88,34,4632,64192,18.87,51,18.86,31,18.85,61,18.81,23,18.80,10,18.88,20,18.89,5,18.90,16,18.91,25,18.94,33,S
2017-8-31,11:17:04,18.87,5,4637,9435,18.87,46,18.86,31,18.85,61,18.81,23,18.80,10,18.88,20,18.90,16,18.91,25,18.94,33,18.95,47,S
2017-8-31,11:17:08,18.88,5,4642,9440,18.87,46,18.86,31,18.85,61,18.81,23,18.80,10,18.88,15,18.90,16,18.91,25,18.94,33,18.95,47,B
2017-8-31,11:17:33,18.88,1,4643,1888,18.87,56,18.86,31,18.85,61,18.81,23,18.80,10,18.88,14,18.90,16,18.91,25,18.94,33,18.95,47,B
2017-8-31,11:17:53,18.88,14,4657,26432,18.88,3,18.87,56,18.86,31,18.85,61,18.81,23,18.90,15,18.91,25,18.94,33,18.95,47,18.96,35,B
2017-8-31,11:19:06,18.90,10,4667,18900,18.88,23,18.87,56,18.86,31,18.85,61,18.81,73,18.90,1,18.91,25,18.94,33,18.95,47,18.96,30,B
2017-8-31,11:19:10,18.88,4,4671,7552,18.88,19,18.87,56,18.86,31,18.85,61,18.81,73,18.90,1,18.91,25,18.94,33,18.95,47,18.96,30,S
2017-8-31,11:19:11,18.88,3,4674,5664,18.88,16,18.87,56,18.86,31,18.85,61,18.81,73,18.90,1,18.91,25,18.94,33,18.95,47,18.96,30,S
2017-8-31,11:19:22,18.88,16,4690,30208,18.87,46,18.86,31,18.85,61,18.81,73,18.80,10,18.90,3,18.91,25,18.94,33,18.95,47,18.96,30,S
2017-8-31,11:21:18,18.90,3,4693,5670,18.88,165,18.87,46,18.86,37,18.85,61,18.82,10,18.91,25,18.94,33,18.95,47,18.96,30,18.98,15,B
2017-8-31,11:23:00,18.91,25,4718,47275,18.89,30,18.88,136,18.87,66,18.86,37,18.85,61,18.94,33,18.95,47,18.96,30,18.98,15,18.99,5,B
2017-8-31,11:23:05,18.89,5,4723,9445,18.89,25,18.88,136,18.87,66,18.86,37,18.85,61,18.94,33,18.95,47,18.96,30,18.98,15,18.99,5,S
2017-8-31,11:23:12,18.90,1,4724,1890,18.90,2,18.89,25,18.88,136,18.87,66,18.86,37,18.94,33,18.95,47,18.96,30,18.98,15,18.99,5,B
2017-8-31,11:25:04,18.92,17,4741,32164,18.90,18,18.89,30,18.88,135,18.87,66,18.86,32,18.93,31,18.94,33,18.95,47,18.96,30,18.98,15,B
2017-8-31,11:25:59,18.89,42,4783,79362,18.90,1,18.89,7,18.88,135,18.87,66,18.86,32,18.93,46,18.94,33,18.95,47,18.96,30,18.98,15,S
2017-8-31,11:26:39,18.90,11,4794,20790,18.89,7,18.88,135,18.87,66,18.86,32,18.85,61,18.90,5,18.93,46,18.94,33,18.95,47,18.96,30,S
2017-8-31,11:26:47,18.90,1,4795,1890,18.89,7,18.88,135,18.87,66,18.86,32,18.85,61,18.90,4,18.93,46,18.94,33,18.95,47,18.96,30,B
2017-8-31,11:29:49,18.89,12,4807,22668,18.89,5,18.88,135,18.87,96,18.86,32,18.85,61,18.90,41,18.93,46,18.94,33,18.95,47,18.96,30,S
2017-8-31,13:00:15,18.89,1,4808,1908,18.89,15,18.88,150,18.87,96,18.86,31,18.85,66,18.90,23,18.93,47,18.94,33,18.95,48,18.96,30,S
2017-8-31,13:02:29,18.90,1,4809,1890,18.89,15,18.88,150,18.87,96,18.86,31,18.85,66,18.90,22,18.93,47,18.94,33,18.95,48,18.96,30,B
2017-8-31,13:02:43,18.89,10,4819,18890,18.89,5,18.88,150,18.87,96,18.86,31,18.85,66,18.90,22,18.93,47,18.94,33,18.95,48,18.96,30,S
2017-8-31,13:03:21,18.89,1,4820,1889,18.89,4,18.88,150,18.87,96,18.86,31,18.85,66,18.90,22,18.93,47,18.94,33,18.95,48,18.96,30,S
2017-8-31,13:05:53,18.90,10,4830,18900,18.89,39,18.88,207,18.87,96,18.86,31,18.85,61,18.90,12,18.93,47,18.94,33,18.95,48,18.96,30,B
2017-8-31,13:06:17,18.90,5,4835,9450,18.89,42,18.88,207,18.87,96,18.86,31,18.85,61,18.90,7,18.93,47,18.94,33,18.95,48,18.96,30,B
2017-8-31,13:06:37,18.89,5,4840,9445,18.89,37,18.88,207,18.87,96,18.86,31,18.85,61,18.90,7,18.93,47,18.94,33,18.95,48,18.96,30,S
2017-8-31,13:06:39,18.90,7,4847,13230,18.89,37,18.88,207,18.87,96,18.86,31,18.85,61,18.93,47,18.94,33,18.95,48,18.96,30,18.98,15,B
2017-8-31,13:06:54,18.89,37,4884,69874,18.88,207,18.87,96,18.86,31,18.85,61,18.83,11,18.89,21,18.93,47,18.94,33,18.95,48,18.96,30,S
2017-8-31,13:06:57,18.89,21,4905,39669,18.88,207,18.87,96,18.86,31,18.85,61,18.83,11,18.89,0,18.93,47,18.94,33,18.95,48,18.96,30,B
2017-8-31,13:07:01,18.93,1,4906,1893,18.88,207,18.87,96,18.86,31,18.85,61,18.83,11,18.93,46,18.94,33,18.95,48,18.96,30,18.98,15,B
2017-8-31,13:11:39,18.90,10,4916,18900,18.90,3,18.89,56,18.88,207,18.87,96,18.86,32,18.93,75,18.94,33,18.95,48,18.96,30,18.98,15,S
2017-8-31,13:12:33,18.90,8,4924,15126,18.90,1,18.89,86,18.88,207,18.87,96,18.86,32,18.93,67,18.94,33,18.95,48,18.96,30,18.98,15,S
2017-8-31,13:13:53,18.90,1,4925,1890,18.89,86,18.88,207,18.87,96,18.86,32,18.85,61,18.90,19,18.93,67,18.94,33,18.95,48,18.96,30,S
2017-8-31,13:14:25,18.90,2,4927,3780,18.89,86,18.88,207,18.87,96,18.86,32,18.85,61,18.90,17,18.93,67,18.94,33,18.95,48,18.96,30,B
2017-8-31,13:14:45,18.89,10,4937,18890,18.89,76,18.88,207,18.87,96,18.86,32,18.85,61,18.90,17,18.93,57,18.94,33,18.95,48,18.96,30,S
2017-8-31,13:15:35,18.89,48,4985,90672,18.89,49,18.88,212,18.87,96,18.86,32,18.85,61,18.90,17,18.93,57,18.94,33,18.95,48,18.96,30,S
2017-8-31,13:15:44,18.89,3,4988,5667,18.89,46,18.88,212,18.87,96,18.86,32,18.85,61,18.90,17,18.93,57,18.94,33,18.95,48,18.96,30,S
2017-8-31,13:16:23,18.90,4,4992,7560,18.89,46,18.88,232,18.87,96,18.86,32,18.85,61,18.90,13,18.93,57,18.94,33,18.95,48,18.96,30,B
2017-8-31,13:16:30,18.89,3,4995,5667,18.89,43,18.88,232,18.87,96,18.86,32,18.85,61,18.90,13,18.93,57,18.94,33,18.95,48,18.96,30,S
2017-8-31,13:16:43,18.90,13,5008,24570,18.90,27,18.89,44,18.88,232,18.87,96,18.86,32,18.93,57,18.94,33,18.95,48,18.96,30,18.98,15,B
2017-8-31,13:20:13,18.90,20,5028,37800,18.90,52,18.89,64,18.88,232,18.87,116,18.86,32,18.93,57,18.94,33,18.95,48,18.98,15,18.99,5,S
2017-8-31,13:21:50,18.90,11,5039,20790,18.90,71,18.89,64,18.88,232,18.87,116,18.86,32,18.93,57,18.94,33,18.95,48,18.98,15,18.99,5,S
2017-8-31,13:22:10,18.90,1,5040,1890,18.90,70,18.89,64,18.88,232,18.87,116,18.86,32,18.93,57,18.94,33,18.95,48,18.98,15,18.99,5,S
2017-8-31,13:23:24,18.93,3,5043,5679,18.90,70,18.89,64,18.88,232,18.87,116,18.86,32,18.93,54,18.94,33,18.95,48,18.98,15,18.99,5,B
2017-8-31,13:23:28,18.93,5,5048,9465,18.90,70,18.89,64,18.88,232,18.87,116,18.86,32,18.93,49,18.94,33,18.95,48,18.98,15,18.99,5,B
2017-8-31,13:23:57,18.93,22,5070,41646,18.90,70,18.89,64,18.88,232,18.87,116,18.86,32,18.93,27,18.94,33,18.95,48,18.98,15,18.99,5,B
2017-8-31,13:28:21,18.93,10,5080,18930,18.90,51,18.89,44,18.88,236,18.87,116,18.86,32,18.93,17,18.94,33,18.95,48,18.98,15,18.99,5,B
2017-8-31,13:28:48,18.93,14,5094,26502,18.90,50,18.89,44,18.88,236,18.87,116,18.86,32,18.93,3,18.94,33,18.95,48,18.98,15,18.99,5,B
2017-8-31,13:29:15,18.92,1,5095,1892,18.90,50,18.89,44,18.88,236,18.87,116,18.86,32,18.92,4,18.93,3,18.94,33,18.95,48,18.98,15,B
2017-8-31,13:31:47,18.91,5,5100,9455,18.91,25,18.90,53,18.89,43,18.88,236,18.87,116,18.92,11,18.93,3,18.94,51,18.95,48,18.98,15,S
2017-8-31,13:32:56,18.91,3,5103,5673,18.91,22,18.90,53,18.89,43,18.88,236,18.87,116,18.92,7,18.93,3,18.94,51,18.95,48,18.98,15,S
2017-8-31,13:33:51,18.91,11,5114,20801,18.91,31,18.90,53,18.89,43,18.88,216,18.87,116,18.92,7,18.93,3,18.94,51,18.95,48,18.98,15,S
2017-8-31,13:34:19,18.95,100,5214,189422,18.91,31,18.90,73,18.89,43,18.88,216,18.87,116,18.95,9,18.98,15,18.99,5,19.00,191,19.01,4,B
2017-8-31,13:37:45,18.92,1,5215,1892,18.91,30,18.90,53,18.89,43,18.88,221,18.87,116,18.92,49,18.95,9,18.98,15,18.99,9,19.00,173,S
2017-8-31,13:38:08,18.95,50,5265,94603,18.91,30,18.90,53,18.89,43,18.88,221,18.87,116,18.95,8,18.98,15,18.99,9,19.00,191,19.01,4,B
2017-8-31,13:38:37,18.91,30,5295,56730,18.90,53,18.89,43,18.88,221,18.87,116,18.86,32,18.91,20,18.95,8,18.98,15,18.99,9,19.00,188,S
2017-8-31,13:38:50,18.91,20,5315,37820,18.90,53,18.89,43,18.88,221,18.87,116,18.86,32,18.95,8,18.98,15,18.99,18,19.00,188,19.01,4,B
2017-8-31,13:40:16,18.91,5,5320,9455,18.91,6,18.90,76,18.89,43,18.88,225,18.87,116,18.95,13,18.98,15,18.99,18,19.00,188,19.01,4,S
2017-8-31,13:41:34,18.91,5,5325,9455,18.91,24,18.90,76,18.89,43,18.88,225,18.87,116,18.93,5,18.95,43,18.98,15,18.99,18,19.00,188,S
2017-8-31,13:42:05,18.93,1,5326,1893,18.91,34,18.90,76,18.89,43,18.88,225,18.87,116,18.93,4,18.95,43,18.98,15,18.99,18,19.00,188,B
2017-8-31,13:43:51,18.98,50,5376,94771,18.91,34,18.90,56,18.89,47,18.88,225,18.87,116,18.98,8,18.99,15,19.00,188,19.01,4,19.03,12,B
2017-8-31,13:46:27,18.93,1,5377,1893,18.92,10,18.91,35,18.90,53,18.89,47,18.88,225,18.96,10,18.97,3,18.98,11,18.99,15,19.00,188,S
2017-8-31,13:48:55,18.93,31,5408,58683,18.93,69,18.92,31,18.91,34,18.90,53,18.89,127,18.96,10,18.97,3,18.98,8,18.99,15,19.00,194,B
2017-8-31,13:49:21,18.96,15,5423,28435,18.96,3,18.93,73,18.92,30,18.91,34,18.90,53,18.97,3,18.98,8,18.99,15,19.00,194,19.01,4,B
2017-8-31,13:49:38,18.96,1,5424,1896,18.96,2,18.93,73,18.92,30,18.91,34,18.90,53,18.97,3,18.98,8,18.99,15,19.00,194,19.01,4,S
2017-8-31,13:50:14,18.96,1,5425,1896,18.96,1,18.93,72,18.92,30,18.91,34,18.90,53,18.97,3,18.98,8,18.99,15,19.00,198,19.01,4,S
2017-8-31,13:50:33,18.96,5,5430,9480,18.96,1,18.93,72,18.92,30,18.91,34,18.90,53,18.97,3,18.98,8,18.99,15,19.00,198,19.01,4,S
2017-8-31,13:50:48,18.96,1,5431,1896,18.93,92,18.92,30,18.91,34,18.90,53,18.89,122,18.96,5,18.97,3,18.98,8,18.99,15,19.00,198,S
2017-8-31,13:51:52,18.96,5,5436,9480,18.96,7,18.94,110,18.93,92,18.92,30,18.91,34,18.97,13,18.98,8,18.99,15,19.00,198,19.01,4,B
2017-8-31,13:56:18,18.96,4,5440,7584,18.96,13,18.94,110,18.93,89,18.92,30,18.91,34,18.97,13,18.98,8,18.99,15,19.00,201,19.01,4,S
2017-8-31,13:57:52,18.96,10,5450,18960,18.96,6,18.94,110,18.93,89,18.92,30,18.91,43,18.97,13,18.98,8,18.99,15,19.00,155,19.01,4,S
2017-8-31,13:57:59,18.96,1,5451,1896,18.96,5,18.95,10,18.94,110,18.93,89,18.92,30,18.97,13,18.98,8,18.99,15,19.00,155,19.01,4,S
2017-8-31,13:58:05,18.97,13,5464,24661,18.97,7,18.96,5,18.95,10,18.94,110,18.93,89,18.98,8,18.99,15,19.00,155,19.01,4,19.03,12,B
2017-8-31,13:58:10,18.96,10,5474,18967,18.96,2,18.95,10,18.94,110,18.93,89,18.92,30,18.98,8,18.99,15,19.00,155,19.01,4,19.03,12,S
2017-8-31,13:58:13,18.96,1,5475,1896,18.96,1,18.95,30,18.94,110,18.93,89,18.92,30,18.98,8,18.99,15,19.00,155,19.01,4,19.03,12,S
2017-8-31,13:59:21,18.96,4,5479,7584,18.95,30,18.94,110,18.93,89,18.92,30,18.91,43,18.96,96,18.98,10,18.99,15,19.00,155,19.01,4,S
2017-8-31,14:00:02,18.96,7,5486,13272,18.95,30,18.94,110,18.93,89,18.92,30,18.91,43,18.96,90,18.98,8,18.99,15,19.00,155,19.01,4,B
2017-8-31,14:00:08,18.96,6,5492,11376,18.95,30,18.94,110,18.93,89,18.92,30,18.91,43,18.96,84,18.98,8,18.99,15,19.00,155,19.01,4,B
2017-8-31,14:00:44,18.96,22,5514,41712,18.95,30,18.94,110,18.93,89,18.92,30,18.91,43,18.96,62,18.98,8,18.99,15,19.00,155,19.01,4,B
2017-8-31,14:01:28,18.96,25,5539,47400,18.95,65,18.94,115,18.93,89,18.92,30,18.91,103,18.96,51,18.98,8,18.99,15,19.00,155,19.01,4,B
2017-8-31,14:01:44,18.96,51,5590,96696,18.96,15,18.95,65,18.94,115,18.93,89,18.92,30,18.98,8,18.99,24,19.00,155,19.01,4,19.03,12,B
2017-8-31,14:02:00,18.99,11,5601,20881,18.96,35,18.95,30,18.94,115,18.93,89,18.92,30,18.99,21,19.00,155,19.01,4,19.03,12,19.04,29,B
2017-8-31,14:02:03,18.99,6,5607,11394,18.96,35,18.95,30,18.94,115,18.93,89,18.92,30,18.99,15,19.00,155,19.01,4,19.03,12,19.04,29,B
2017-8-31,14:02:16,19.00,16,5623,30385,18.96,35,18.95,30,18.94,115,18.93,20,18.92,30,19.00,154,19.01,4,19.03,12,19.04,29,19.05,123,B
2017-8-31,14:02:32,19.00,17,5640,32300,18.96,35,18.95,30,18.94,115,18.93,20,18.92,30,19.00,137,19.01,4,19.03,12,19.04,29,19.05,123,B
2017-8-31,14:02:45,18.96,1,5641,1896,18.96,14,18.95,30,18.94,115,18.93,20,18.92,30,18.99,2,19.00,137,19.01,4,19.03,12,19.04,29,S
2017-8-31,14:03:32,18.99,2,5643,3798,18.98,20,18.97,20,18.96,19,18.95,30,18.94,110,19.00,157,19.01,4,19.03,12,19.04,29,19.05,123,B
2017-8-31,14:03:38,18.98,2,5645,3796,18.98,18,18.97,20,18.96,44,18.95,30,18.94,110,19.00,157,19.01,4,19.03,12,19.04,29,19.05,123,S
2017-8-31,14:04:23,19.00,1,5646,1900,18.98,23,18.97,20,18.96,44,18.95,30,18.94,110,19.00,143,19.01,4,19.02,1,19.03,12,19.04,29,B
2017-8-31,14:04:46,18.98,1,5647,1898,18.98,24,18.96,44,18.95,30,18.94,110,18.93,20,19.00,143,19.01,4,19.02,1,19.03,12,19.04,29,S
2017-8-31,14:05:40,18.99,3,5650,5697,18.98,24,18.96,44,18.95,30,18.94,110,18.93,20,18.99,7,19.00,143,19.01,4,19.02,1,19.03,12,B
2017-8-31,14:05:46,18.98,5,5655,9490,18.98,19,18.96,44,18.95,30,18.94,110,18.93,20,18.99,7,19.00,143,19.01,4,19.02,1,19.03,12,S
2017-8-31,14:06:00,18.99,7,5662,13293,18.99,27,18.98,19,18.96,44,18.95,30,18.94,110,19.00,143,19.01,4,19.03,12,19.04,29,19.05,124,B
2017-8-31,14:06:50,18.99,1,5663,1899,18.99,26,18.98,19,18.96,44,18.95,77,18.94,110,19.00,131,19.01,5,19.03,10,19.04,29,19.05,144,S
2017-8-31,14:07:13,18.99,3,5666,5697,18.99,23,18.98,19,18.96,44,18.95,77,18.94,110,19.00,131,19.01,5,19.03,10,19.04,29,19.05,144,S
2017-8-31,14:07:30,18.99,2,5668,3798,18.99,21,18.98,19,18.96,44,18.95,77,18.94,110,19.00,131,19.01,5,19.03,10,19.04,29,19.05,144,S
2017-8-31,14:07:32,18.99,1,5669,1899,18.99,20,18.98,19,18.96,44,18.95,77,18.94,110,19.00,131,19.01,5,19.03,10,19.04,29,19.05,144,S
2017-8-31,14:07:51,18.99,3,5672,5697,18.99,17,18.98,19,18.96,44,18.95,77,18.94,110,19.00,140,19.01,5,19.03,10,19.04,29,19.05,144,S
2017-8-31,14:08:43,19.00,8,5680,15193,18.99,10,18.98,19,18.96,44,18.95,77,18.94,110,19.00,104,19.01,4,19.03,30,19.04,29,19.05,144,B
2017-8-31,14:09:21,18.99,1,5681,1899,18.99,9,18.98,14,18.96,44,18.95,77,18.94,110,19.00,104,19.01,4,19.03,30,19.04,29,19.05,144,S
2017-8-31,14:09:25,19.00,5,5686,9500,18.99,9,18.98,14,18.96,44,18.95,77,18.94,110,19.00,99,19.01,4,19.03,30,19.04,29,19.05,144,B
2017-8-31,14:09:41,19.00,1,5687,1900,18.99,9,18.98,14,18.96,44,18.95,77,18.94,110,19.00,98,19.01,4,19.03,30,19.04,29,19.05,144,B
2017-8-31,14:10:54,18.99,1,5688,1899,18.99,8,18.98,14,18.96,44,18.95,77,18.94,110,19.00,100,19.01,4,19.03,30,19.04,42,19.05,180,S
2017-8-31,14:11:33,19.00,1,5689,1900,18.99,8,18.98,14,18.96,44,18.95,77,18.94,110,19.00,100,19.01,4,19.03,30,19.04,42,19.05,180,B
2017-8-31,14:12:31,18.99,1,5690,1899,18.99,37,18.98,14,18.96,44,18.95,77,18.94,110,19.00,100,19.01,4,19.03,30,19.04,42,19.05,180,S
2017-8-31,14:13:04,19.00,100,5790,190000,18.99,7,18.98,12,18.96,44,18.95,77,18.94,110,19.00,0,19.01,4,19.02,3,19.03,30,19.04,42,B
2017-8-31,14:14:11,19.00,2,5792,3800,18.99,7,18.98,12,18.96,39,18.95,77,18.94,110,19.00,8,19.01,4,19.02,3,19.03,30,19.04,42,B
2017-8-31,14:14:24,18.99,2,5794,3798,18.99,5,18.98,12,18.96,39,18.95,77,18.94,110,19.00,8,19.01,4,19.02,3,19.03,30,19.04,42,S
2017-8-31,14:15:01,18.99,1,5795,1899,18.99,4,18.98,12,18.96,39,18.95,77,18.94,110,19.00,8,19.01,4,19.02,3,19.03,30,19.04,42,S
2017-8-31,14:15:58,19.00,1,5796,1900,18.99,4,18.98,12,18.96,39,18.95,77,18.94,110,19.00,7,19.01,4,19.02,3,19.03,30,19.04,42,B
2017-8-31,14:16:01,18.99,3,5799,5697,18.99,1,18.98,12,18.96,39,18.95,77,18.94,110,19.00,7,19.01,4,19.02,3,19.03,30,19.04,42,S
2017-8-31,14:16:38,18.96,15,5814,28467,18.96,37,18.95,77,18.94,110,18.93,20,18.92,30,19.00,7,19.01,4,19.02,3,19.03,30,19.04,42,S
2017-8-31,14:17:50,18.96,10,5824,18960,18.96,27,18.95,77,18.94,80,18.93,20,18.92,30,19.00,7,19.01,4,19.02,3,19.03,30,19.04,42,S
2017-8-31,14:19:07,19.00,17,5841,32319,19.00,2,18.96,27,18.95,20,18.94,80,18.93,20,19.01,4,19.02,3,19.03,30,19.04,42,19.05,198,B
2017-8-31,14:19:28,19.00,1,5842,1900,19.00,1,18.97,10,18.96,27,18.95,20,18.94,80,19.01,4,19.02,3,19.03,30,19.04,42,19.05,198,S
2017-8-31,14:20:26,19.01,4,5846,7604,19.01,13,19.00,1,18.97,10,18.96,27,18.95,20,19.02,3,19.03,30,19.04,42,19.05,198,19.06,40,B
2017-8-31,14:20:36,19.01,1,5847,1901,19.01,12,19.00,1,18.97,10,18.96,27,18.95,20,19.02,3,19.03,30,19.04,42,19.05,198,19.06,40,S
2017-8-31,14:22:38,19.01,10,5857,19010,19.01,32,19.00,1,18.97,10,18.96,27,18.95,20,19.02,3,19.03,10,19.04,45,19.05,198,19.06,38,S
2017-8-31,14:22:50,19.01,14,5871,26614,19.01,18,19.00,1,18.97,10,18.96,53,18.95,20,19.02,4,19.03,10,19.04,45,19.05,198,19.06,38,S
2017-8-31,14:22:56,19.01,5,5876,9505,19.01,13,19.00,1,18.97,10,18.96,53,18.95,20,19.02,4,19.03,10,19.04,45,19.05,198,19.06,38,S
2017-8-31,14:23:10,19.02,23,5899,43746,19.02,54,19.01,13,19.00,1,18.97,10,18.96,53,19.03,10,19.04,45,19.05,202,19.06,38,19.07,84,B
2017-8-31,14:23:27,19.02,2,5901,3804,19.02,52,19.01,13,19.00,1,18.97,10,18.96,53,19.03,10,19.04,45,19.05,202,19.06,38,19.07,84,S
2017-8-31,14:24:36,19.03,3,5904,5709,19.02,52,19.01,13,19.00,1,18.97,10,18.96,53,19.03,7,19.04,46,19.05,209,19.06,38,19.07,84,B
2017-8-31,14:25:27,19.02,42,5946,79884,19.02,10,19.01,13,19.00,1,18.96,53,18.95,20,19.03,12,19.04,46,19.05,209,19.06,38,19.07,84,S
2017-8-31,14:25:54,19.02,10,5956,19020,19.01,13,19.00,1,18.96,53,18.95,20,18.94,80,19.02,26,19.03,12,19.04,46,19.05,209,19.06,38,S
2017-8-31,14:26:56,19.01,2,5958,3802,19.01,11,19.00,1,18.96,53,18.95,20,18.94,80,19.02,27,19.03,12,19.04,46,19.05,209,19.06,38,S
2017-8-31,14:27:47,19.02,1,5959,1902,19.01,11,19.00,1,18.96,53,18.95,20,18.94,80,19.02,26,19.03,35,19.04,46,19.05,222,19.06,38,B
2017-8-31,14:28:41,19.02,1,5960,1902,19.02,99,19.01,11,19.00,1,18.96,53,18.95,20,19.03,35,19.04,46,19.05,222,19.06,38,19.07,84,B
2017-8-31,14:29:23,19.03,10,5970,19030,19.02,99,19.01,11,19.00,1,18.96,53,18.95,20,19.03,50,19.04,46,19.05,222,19.06,38,19.07,84,B
2017-8-31,14:30:15,19.03,1,5971,1903,19.02,99,19.01,11,19.00,2,18.96,53,18.95,20,19.03,51,19.04,46,19.05,222,19.06,38,19.07,84,B
2017-8-31,14:30:18,19.02,8,5979,15216,19.02,91,19.01,11,19.00,2,18.96,53,18.95,20,19.03,51,19.04,46,19.05,222,19.06,38,19.07,84,S
2017-8-31,14:31:02,19.02,3,5982,5706,19.02,94,19.01,11,19.00,2,18.96,53,18.95,20,19.03,56,19.04,46,19.05,224,19.06,38,19.07,84,S
2017-8-31,14:31:09,19.02,17,5999,32334,19.02,77,19.01,11,19.00,2,18.96,53,18.95,20,19.03,56,19.04,47,19.05,224,19.06,38,19.07,84,S
2017-8-31,14:31:42,19.02,5,6004,9510,19.02,72,19.01,11,19.00,2,18.96,53,18.95,20,19.03,56,19.04,48,19.05,224,19.06,38,19.07,84,S
2017-8-31,14:31:53,19.02,72,6076,136944,19.01,11,19.00,2,18.96,53,18.95,20,18.94,80,19.02,28,19.03,56,19.04,47,19.05,224,19.06,38,S
2017-8-31,14:33:50,19.01,1,6077,1901,19.01,10,19.00,2,18.97,9,18.96,53,18.95,20,19.02,92,19.03,66,19.04,47,19.05,229,19.06,41,S
2017-8-31,14:33:56,19.02,6,6083,11412,19.01,10,19.00,2,18.97,9,18.96,53,18.95,20,19.02,87,19.03,66,19.04,47,19.05,229,19.06,41,B
2017-8-31,14:36:31,19.02,10,6093,19020,19.00,52,18.97,9,18.96,53,18.95,20,18.94,80,19.02,81,19.03,66,19.04,47,19.05,359,19.06,41,B
2017-8-31,14:37:21,19.00,1,6094,1900,19.01,43,19.00,35,18.97,9,18.96,53,18.95,20,19.02,126,19.03,41,19.04,47,19.05,359,19.06,41,S
2017-8-31,14:37:34,19.01,5,6099,9505,19.01,38,19.00,35,18.96,53,18.95,20,18.94,80,19.02,126,19.03,41,19.04,47,19.05,359,19.06,41,S
2017-8-31,14:37:48,19.02,8,6107,15216,19.01,38,19.00,35,18.96,53,18.95,20,18.94,80,19.02,118,19.03,41,19.04,47,19.05,359,19.06,41,B
2017-8-31,14:38:28,19.01,5,6112,9505,19.01,33,19.00,35,18.96,53,18.95,20,18.94,80,19.02,123,19.03,41,19.04,47,19.05,359,19.06,41,S
2017-8-31,14:39:15,19.01,7,6119,13307,19.01,26,19.00,35,18.96,53,18.95,20,18.94,80,19.02,128,19.03,41,19.04,47,19.05,359,19.06,41,S
2017-8-31,14:39:44,19.02,50,6169,95100,19.01,26,19.00,35,18.96,53,18.95,20,18.94,80,19.02,78,19.03,41,19.04,47,19.05,359,19.06,41,B
2017-8-31,14:39:53,19.02,3,6172,5706,19.01,26,19.00,35,18.96,53,18.95,20,18.94,80,19.02,75,19.03,41,19.04,47,19.05,359,19.06,41,B
2017-8-31,14:41:07,19.02,2,6174,3804,19.01,31,19.00,35,18.96,53,18.95,20,18.94,80,19.02,79,19.03,41,19.04,47,19.05,369,19.06,41,B
2017-8-31,14:42:57,19.01,31,6205,58957,19.00,34,18.96,53,18.95,20,18.94,80,18.93,20,19.01,8,19.02,54,19.03,59,19.04,47,19.05,369,S
2017-8-31,14:43:26,19.01,4,6209,7604,19.00,34,18.96,53,18.95,20,18.94,80,18.93,20,19.01,4,19.02,54,19.03,49,19.04,47,19.05,369,B
2017-8-31,14:43:38,19.01,4,6213,7604,19.01,7,19.00,34,18.96,53,18.95,20,18.94,80,19.02,54,19.03,49,19.04,53,19.05,369,19.06,41,B
2017-8-31,14:43:51,19.01,7,6220,13307,19.00,34,18.96,53,18.95,20,18.94,80,18.93,20,19.01,3,19.02,59,19.03,49,19.04,53,19.05,369,S
2017-8-31,14:44:41,19.00,26,6246,49400,19.00,8,18.96,53,18.95,20,18.94,80,18.93,20,19.01,13,19.02,84,19.03,49,19.04,53,19.05,369,S
2017-8-31,14:44:47,19.01,1,6247,1901,19.00,8,18.96,53,18.95,20,18.94,80,18.93,20,19.01,12,19.02,84,19.03,49,19.04,53,19.05,369,B
2017-8-31,14:44:54,19.00,2,6249,3800,19.00,10,18.96,53,18.95,20,18.94,80,18.93,20,19.01,12,19.02,84,19.03,49,19.04,53,19.05,385,S
2017-8-31,14:44:56,19.00,10,6259,19000,18.96,53,18.95,20,18.94,80,18.93,20,18.92,20,19.00,15,19.01,12,19.02,84,19.03,49,19.04,53,S
2017-8-31,14:45:25,18.96,1,6260,1896,18.96,52,18.95,20,18.94,80,18.93,20,18.92,20,19.00,15,19.01,12,19.02,84,19.03,49,19.04,53,S
2017-8-31,14:45:26,19.00,4,6264,7600,18.96,52,18.95,20,18.94,80,18.93,20,18.92,20,19.00,11,19.01,12,19.02,84,19.03,49,19.04,53,B
2017-8-31,14:45:34,19.00,3,6267,5700,18.96,26,18.95,20,18.94,80,18.93,20,18.92,20,19.00,8,19.01,12,19.02,91,19.03,49,19.04,53,B
2017-8-31,14:46:38,19.00,11,6278,20900,18.96,26,18.95,20,18.94,80,18.93,20,18.92,20,19.00,66,19.01,17,19.02,91,19.03,48,19.04,53,B
2017-8-31,14:48:15,18.98,1,6279,1898,18.98,42,18.97,20,18.96,29,18.95,20,18.94,80,18.99,30,19.00,36,19.01,18,19.02,94,19.03,48,S
2017-8-31,14:49:11,18.99,9,6288,17091,18.98,42,18.97,20,18.96,29,18.95,20,18.94,80,18.99,21,19.00,36,19.01,18,19.02,89,19.03,64,B
2017-8-31,14:49:34,18.99,3,6291,5697,18.98,42,18.97,20,18.96,29,18.95,20,18.94,80,18.99,18,19.00,54,19.01,18,19.02,89,19.03,84,B
2017-8-31,14:50:07,18.98,1,6292,1898,18.98,41,18.97,20,18.96,29,18.95,20,18.94,80,18.99,18,19.00,54,19.01,19,19.02,89,19.03,84,S
2017-8-31,14:51:13,18.98,10,6302,18980,18.98,31,18.97,28,18.96,29,18.95,20,18.94,80,18.99,18,19.00,61,19.01,19,19.02,94,19.03,84,S
2017-8-31,14:51:29,18.98,10,6312,18980,18.98,21,18.97,28,18.96,29,18.95,20,18.94,80,18.99,18,19.00,66,19.01,19,19.02,94,19.03,84,S
2017-8-31,14:51:33,18.98,6,6318,11388,18.98,15,18.97,28,18.96,29,18.95,20,18.94,80,18.99,18,19.00,66,19.01,19,19.02,94,19.03,84,S
2017-8-31,14:52:12,18.98,12,6330,22776,18.98,3,18.97,28,18.96,29,18.95,20,18.94,80,18.99,18,19.00,66,19.01,19,19.02,32,19.03,84,S
2017-8-31,14:52:21,18.98,58,6388,110084,18.98,23,18.97,28,18.96,29,18.95,20,18.94,80,18.99,18,19.00,64,19.01,19,19.02,32,19.03,84,S
2017-8-31,14:52:28,18.98,23,6411,43654,18.97,28,18.96,29,18.95,20,18.94,80,18.93,20,18.98,27,18.99,18,19.00,74,19.01,19,19.02,32,S
2017-8-31,14:52:50,18.97,28,6439,53116,18.96,29,18.95,20,18.94,80,18.93,20,18.92,20,18.97,30,18.98,42,18.99,20,19.00,74,19.01,19,S
2017-8-31,14:53:12,18.96,1,6440,1896,18.96,37,18.95,20,18.94,80,18.93,20,18.92,20,18.97,30,18.98,42,18.99,20,19.00,74,19.01,19,S
2017-8-31,14:53:24,18.97,9,6449,17073,18.96,67,18.95,20,18.94,80,18.93,20,18.92,20,18.97,21,18.98,42,18.99,20,19.00,99,19.01,37,B
2017-8-31,14:53:33,18.97,9,6458,17073,18.96,67,18.95,20,18.94,80,18.93,20,18.92,20,18.97,12,18.98,42,18.99,20,19.00,94,19.01,37,B
2017-8-31,14:53:52,18.96,20,6478,37920,18.96,47,18.95,20,18.94,80,18.93,20,18.92,20,18.97,17,18.98,15,18.99,3,19.00,86,19.01,37,S
2017-8-31,14:53:56,18.96,18,6496,34128,18.96,29,18.95,20,18.94,80,18.93,20,18.92,20,18.97,17,18.98,15,18.99,3,19.00,86,19.01,19,S
2017-8-31,14:54:00,18.96,27,6523,51192,18.96,3,18.95,20,18.94,80,18.93,20,18.92,20,18.97,17,18.98,15,18.99,3,19.00,86,19.01,19,S
2017-8-31,14:54:15,18.96,3,6526,5688,18.95,20,18.94,80,18.93,20,18.92,20,18.91,23,18.96,18,18.97,17,18.98,15,18.99,3,19.00,86,S
2017-8-31,14:54:30,18.96,3,6529,5688,18.95,20,18.94,80,18.93,20,18.92,20,18.91,23,18.96,15,18.97,17,18.98,15,18.99,3,19.00,86,B
2017-8-31,14:54:42,18.95,20,6549,37900,18.94,80,18.93,20,18.92,20,18.91,23,18.90,43,18.95,18,18.96,15,18.97,17,18.98,15,18.99,3,S
2017-8-31,14:54:45,18.95,6,6555,11370,18.94,80,18.93,20,18.92,20,18.91,23,18.90,43,18.95,12,18.96,15,18.97,17,18.98,15,18.99,3,B
2017-8-31,14:55:00,18.94,12,6567,22728,18.94,68,18.93,20,18.92,20,18.91,23,18.90,43,18.95,2,18.96,15,18.97,17,18.98,15,18.99,3,S
2017-8-31,14:55:34,18.94,8,6575,15152,18.94,60,18.93,20,18.92,20,18.91,23,18.90,43,18.95,12,18.96,15,18.97,17,18.98,15,18.99,3,S
2017-8-31,14:55:43,18.95,3,6578,5685,18.94,60,18.93,20,18.92,20,18.91,23,18.90,43,18.95,9,18.96,15,18.97,17,18.98,15,18.99,3,B
2017-8-31,14:55:48,18.94,4,6582,7576,18.94,56,18.93,20,18.92,20,18.91,23,18.90,43,18.95,9,18.96,15,18.97,17,18.98,15,18.99,3,S
2017-8-31,14:56:27,18.95,4,6586,7580,18.94,69,18.93,20,18.92,20,18.91,23,18.90,43,18.95,5,18.96,20,18.97,12,18.98,15,18.99,6,B
2017-8-31,14:56:46,18.94,5,6591,9470,18.94,56,18.93,20,18.92,20,18.91,23,18.90,43,18.95,5,18.96,20,18.97,12,18.98,15,18.99,6,S
2017-8-31,14:57:07,18.95,5,6596,9475,18.95,3,18.94,56,18.93,20,18.92,20,18.91,23,18.96,20,18.97,12,18.98,15,18.99,6,19.00,81,B
2017-8-31,14:57:54,18.96,2,6598,3792,18.95,16,18.94,68,18.93,50,18.92,20,18.91,23,18.96,18,18.97,12,18.98,15,18.99,6,19.00,81,B
2017-8-31,14:58:31,18.96,14,6612,26544,18.95,16,18.94,68,18.93,50,18.92,20,18.91,23,18.96,4,18.97,12,18.98,10,18.99,6,19.00,81,B
2017-8-31,14:58:35,18.95,22,6634,41696,18.94,68,18.93,50,18.92,20,18.91,23,18.90,43,18.95,82,18.97,12,18.98,10,18.99,6,19.00,81,S
2017-8-31,14:58:48,18.95,3,6637,5685,18.94,68,18.93,50,18.92,20,18.91,23,18.90,43,18.95,79,18.97,12,18.98,10,18.99,6,19.00,81,B
2017-8-31,14:58:59,18.95,79,6716,149705,18.95,121,18.94,68,18.93,50,18.92,20,18.91,23,18.97,12,18.98,10,18.99,6,19.00,81,19.01,9,B
2017-8-31,14:59:15,18.95,10,6726,18950,18.95,121,18.94,68,18.93,50,18.92,20,18.91,23,18.97,12,18.98,10,18.99,6,19.00,81,19.01,9,S
2017-8-31,14:59:27,19.00,109,6835,207057,19.00,92,18.95,121,18.94,66,18.93,50,18.92,20,19.01,9,19.02,31,19.03,84,19.04,46,19.05,355,B
2017-8-31,14:59:59,19.00,4,6839,7600,19.00,88,18.95,111,18.94,66,18.93,50,18.92,20,19.01,19,19.02,31,19.03,84,19.04,61,19.05,355,S
2017-8-31,14:59:59,18.99,0,6839,0,19.00,88,18.95,111,18.94,66,18.93,50,18.92,20,19.01,19,19.02,31,19.03,84,19.04,61,19.05,355,S
